Motif logo,Motif Name,Motif p_value,Discovery stage
./logo/logoDECOD_Motif10_10_1.eps.pdf.png,DECOD_Motif10_10.1,1.02622529372e-06,L3D9_L3D6
./logo/logoDECOD_Motif10_10_2.eps.pdf.png,DECOD_Motif10_10.2,1.60310800143e-06,L3D9_L3
./logo/logoDECOD_Motif10_10_3.eps.pdf.png,DECOD_Motif10_10.3,0.000826572859519,L4_L3
./logo/logoDECOD_Motif1_10.eps.pdf.png,DECOD_Motif1_10,3.50719247451e-05,L3_L3D9
./logo/logoDECOD_Motif1_8.eps.pdf.png,DECOD_Motif1_8,9.46131657748e-06,L3D9_L3D6
./logo/logoDECOD_Motif3_10.eps.pdf.png,DECOD_Motif3_10,2.69733540405e-05,L3_L4
./logo/logoDECOD_Motif3_8.eps.pdf.png,DECOD_Motif3_8,1.40949594405e-07,L4_L3
./logo/logoDECOD_Motif4_10_1.eps.pdf.png,DECOD_Motif4_10.1,4.94381063021e-07,L3D9_L3
./logo/logoDECOD_Motif4_10_2.eps.pdf.png,DECOD_Motif4_10.2,1.43366681789e-08,L4_L3
./logo/logoDECOD_Motif5_10.eps.pdf.png,DECOD_Motif5_10,2.7986438423900004e-10,L3D6_L3
./logo/logoDECOD_Motif6_10.eps.pdf.png,DECOD_Motif6_10,0.000943790303451,L3_L3D6
./logo/logoDECOD_Motif6_8.eps.pdf.png,DECOD_Motif6_8,4.13776690814e-10,L3_L4
./logo/logoDECOD_Motif7_8.eps.pdf.png,DECOD_Motif7_8,9.071014351639999e-06,L4_L3
./logo/logoDECOD_Motif8_10_1.eps.pdf.png,DECOD_Motif8_10.1,2.84629606825e-06,L3D6_L3D9
./logo/logoDECOD_Motif8_10_2.eps.pdf.png,DECOD_Motif8_10.2,3.6297350967199996e-06,L3D9_L3
./logo/logoDECOD_Motif9_8.eps.pdf.png,DECOD_Motif9_8,0.000819129791192,L4_L3D6
./logo/logoDME_AAAAACATTT.eps.pdf.png,DME_AAAAACATTT,3.54210929232e-05,L3_L4
./logo/logoDME_AAAACAATTA.eps.pdf.png,DME_AAAACAATTA,7.84238524812e-05,L3_L3D6
./logo/logoDME_AAAAGGAA.eps.pdf.png,DME_AAAAGGAA,1.30466762562e-05,L3D6_L3
./logo/logoDME_AAAAGTTATT.eps.pdf.png,DME_AAAAGTTATT,3.74020186852e-08,L3D6_L3
./logo/logoDME_AAAAGTTC.eps.pdf.png,DME_AAAAGTTC,0.000282356709675,L3D9_L3D6
./logo/logoDME_AAAAKRCG.eps.pdf.png,DME_AAAAKRCG,4.07539642481e-05,L3D6_L3
./logo/logoDME_AAAARACC.eps.pdf.png,DME_AAAARACC,0.000629370044424,L3_L4
./logo/logoDME_AAAASGGW.eps.pdf.png,DME_AAAASGGW,5.39083405716e-05,L3D6_L3D9
./logo/logoDME_AAAATCAC.eps.pdf.png,DME_AAAATCAC,1.87610233721e-07,L3_L3D6
./logo/logoDME_AAAATTTCAA.eps.pdf.png,DME_AAAATTTCAA,7.0660988088e-05,L3D6_L4
./logo/logoDME_AAAAWGSG.eps.pdf.png,DME_AAAAWGSG,4.7876649673e-08,L3D6_L3D9
./logo/logoDME_AAACRAGW.eps.pdf.png,DME_AAACRAGW,3.04612211977e-06,L3_L4
./logo/logoDME_AAAGAAATTT.eps.pdf.png,DME_AAAGAAATTT,1.06997840874e-05,L3D6_L4
./logo/logoDME_AAAGARGCACTTTTGT.eps.pdf.png,DME_AAAGARGCACTTTTGT,0.00021890870058099998,L3D6_L3
./logo/logoDME_AAAGCATT.eps.pdf.png,DME_AAAGCATT,0.000596133421853,L3_L4
./logo/logoDME_AAAGGAAA.eps.pdf.png,DME_AAAGGAAA,0.000346530476632,L3D9_L3D6
./logo/logoDME_AAAGGATT.eps.pdf.png,DME_AAAGGATT,8.80988825294e-05,L3D6_L3
./logo/logoDME_AAAGGAWS.eps.pdf.png,DME_AAAGGAWS,0.000135969385971,L3D6_L4
./logo/logoDME_AAAGTAATMAWT.eps.pdf.png,DME_AAAGTAATMAWT,0.00018836292934099999,L3_L3D9
./logo/logoDME_AAAMVGGA.eps.pdf.png,DME_AAAMVGGA,1.9886226040899998e-07,L3D6_L3
./logo/logoDME_AAASGAAS.eps.pdf.png,DME_AAASGAAS,0.000124293243074,L3D6_L3
./logo/logoDME_AAATAACTTAAAATCA.eps.pdf.png,DME_AAATAACTTAAAATCA,0.000532873214189,L3D6_L3D9
./logo/logoDME_AAATBACMTTKT.eps.pdf.png,DME_AAATBACMTTKT,7.14889843067e-05,L3D9_L3
./logo/logoDME_AAATTAATTAAT.eps.pdf.png,DME_AAATTAATTAAT,7.5750464225899995e-06,L3D6_L3
./logo/logoDME_AAATTATTGA.eps.pdf.png,DME_AAATTATTGA,0.00016242064283500003,L4_L3
./logo/logoDME_AAATTGAAAT.eps.pdf.png,DME_AAATTGAAAT,0.000319942273639,L3D6_L3D9
./logo/logoDME_AAAWCAATAGMTTT.eps.pdf.png,DME_AAAWCAATAGMTTT,1.99829659399e-06,L3D6_L3
./logo/logoDME_AACAAATTAT.eps.pdf.png,DME_AACAAATTAT,0.000126948452147,L3_L3D6
./logo/logoDME_AACTCAAA.eps.pdf.png,DME_AACTCAAA,0.00031838638476999997,L3_L3D9
./logo/logoDME_AAGAAAGA.eps.pdf.png,DME_AAGAAAGA,9.50949508507e-06,L4_L3
./logo/logoDME_AAGARAAAAW.eps.pdf.png,DME_AAGARAAAAW,0.000814302974685,L3D9_L3D6
./logo/logoDME_AAGCAAAA.eps.pdf.png,DME_AAGCAAAA,6.9000364243e-10,L3D9_L3D6
./logo/logoDME_AAGCAAAGAAGCGCAA.eps.pdf.png,DME_AAGCAAAGAAGCGCAA,0.00023352982428,L3D9_L3D6
./logo/logoDME_AAGCGCAATTCAATTC.eps.pdf.png,DME_AAGCGCAATTCAATTC,1.6843114291499999e-09,L3D9_L3
./logo/logoDME_AAGCTAAA.eps.pdf.png,DME_AAGCTAAA,5.70125250699e-08,L3D9_L3
./logo/logoDME_AAGSGWAA.eps.pdf.png,DME_AAGSGWAA,0.00016359883608899997,L4_L3
./logo/logoDME_AAGTGMKKVM.eps.pdf.png,DME_AAGTGMKKVM,8.93847419528e-14,L3_L3D6
./logo/logoDME_AAGTTAACAAGATTGA.eps.pdf.png,DME_AAGTTAACAAGATTGA,0.000224773373561,L3D9_L3D6
./logo/logoDME_AAKAASMAWG.eps.pdf.png,DME_AAKAASMAWG,4.4286917854700004e-07,L3D6_L3
./logo/logoDME_AAKAGGRA.eps.pdf.png,DME_AAKAGGRA,4.0304027306e-06,L4_L3D6
./logo/logoDME_AAKTKAWTAATKAA.eps.pdf.png,DME_AAKTKAWTAATKAA,2.91453302648e-05,L3D6_L4
./logo/logoDME_AARGGGMV.eps.pdf.png,DME_AARGGGMV,5.39806974798e-07,L4_L3D6
./logo/logoDME_AARGRTCA.eps.pdf.png,DME_AARGRTCA,3.04486586204e-05,L3_L3D6
./logo/logoDME_AARTAAKAATAA.eps.pdf.png,DME_AARTAAKAATAA,8.15832688557e-06,L3D6_L3
./logo/logoDME_AATAATAATAAT.eps.pdf.png,DME_AATAATAATAAT,0.000704355742573,L3D6_L3D9
./logo/logoDME_AATAATAGTA.eps.pdf.png,DME_AATAATAGTA,9.644639282280001e-07,L3D6_L4
./logo/logoDME_AATAATARTRRYRA.eps.pdf.png,DME_AATAATARTRRYRA,1.9582137158e-07,L3D6_L3
./logo/logoDME_AATAATCAAAATGG.eps.pdf.png,DME_AATAATCAAAATGG,2.5452601427e-05,L3_L3D9
./logo/logoDME_AATAATTGAA.eps.pdf.png,DME_AATAATTGAA,7.95983498607e-05,L3D9_L3D6
./logo/logoDME_AATAGCAT.eps.pdf.png,DME_AATAGCAT,0.00040347895149800005,L3_L3D6
./logo/logoDME_AATBARTTAAAA.eps.pdf.png,DME_AATBARTTAAAA,2.13405549081e-05,L3D9_L3
./logo/logoDME_AATGAATTAT.eps.pdf.png,DME_AATGAATTAT,3.87268778359e-05,L3_L3D9
./logo/logoDME_AATGACAA.eps.pdf.png,DME_AATGACAA,0.00040550549523400004,L3D6_L3
./logo/logoDME_AATGATAAAT.eps.pdf.png,DME_AATGATAAAT,8.28080095377e-05,L3D9_L3
./logo/logoDME_AATRATAAKTKT.eps.pdf.png,DME_AATRATAAKTKT,0.000172944861713,L3_L4
./logo/logoDME_AATRATAATAGTGR.eps.pdf.png,DME_AATRATAATAGTGR,1.20025043938e-07,L3D6_L4
./logo/logoDME_AATTAAAATC.eps.pdf.png,DME_AATTAAAATC,7.840741723339999e-06,L3_L3D6
./logo/logoDME_AATTAMTTRATTMC.eps.pdf.png,DME_AATTAMTTRATTMC,1.13106397213e-07,L4_L3
./logo/logoDME_AATTKCHAST.eps.pdf.png,DME_AATTKCHAST,0.000588705875872,L3D9_L3
./logo/logoDME_AATTTATGAA.eps.pdf.png,DME_AATTTATGAA,0.00038663627955000005,L3_L4
./logo/logoDME_AATWWGARCR.eps.pdf.png,DME_AATWWGARCR,3.6942894741199997e-06,L3_L3D9
./logo/logoDME_ACAAATGT.eps.pdf.png,DME_ACAAATGT,7.65426622181e-05,L3D9_L3
./logo/logoDME_ACAACAACAACAAC.eps.pdf.png,DME_ACAACAACAACAAC,0.0004963393942480001,L3D6_L3D9
./logo/logoDME_ACAATAATTATTGT.eps.pdf.png,DME_ACAATAATTATTGT,0.00033013890285200003,L4_L3
./logo/logoDME_ACAGCAGAAGTAAATA.eps.pdf.png,DME_ACAGCAGAAGTAAATA,0.0009850030937939998,L4_L3D6
./logo/logoDME_ACAGRWKYYR.eps.pdf.png,DME_ACAGRWKYYR,5.831114429999999e-26,L3D6_L3D9
./logo/logoDME_ACDGCAMT.eps.pdf.png,DME_ACDGCAMT,2.63117179009e-07,L4_L3
./logo/logoDME_AGAAAATTAT.eps.pdf.png,DME_AGAAAATTAT,8.26645470963e-05,L3_L3D9
./logo/logoDME_AGAARCRA.eps.pdf.png,DME_AGAARCRA,0.0006528939641790001,L4_L3D6
./logo/logoDME_AGAATTAATT.eps.pdf.png,DME_AGAATTAATT,0.000421333291366,L3D6_L3D9
./logo/logoDME_AGAGTAAA.eps.pdf.png,DME_AGAGTAAA,0.0007981521398510001,L3D6_L3
./logo/logoDME_AGATCAAA.eps.pdf.png,DME_AGATCAAA,0.00035128942736099996,L3D6_L4
./logo/logoDME_AGATCATT.eps.pdf.png,DME_AGATCATT,8.4457216956e-06,L3_L4
./logo/logoDME_AGATTAAAAT.eps.pdf.png,DME_AGATTAAAAT,1.11980949803e-06,L3D6_L3
./logo/logoDME_AGCAAAAR.eps.pdf.png,DME_AGCAAAAR,1.14218233151e-05,L3_L4
./logo/logoDME_AGCAADKC.eps.pdf.png,DME_AGCAADKC,5.17259900467e-05,L4_L3
./logo/logoDME_AGCGCAATTCAATTCT.eps.pdf.png,DME_AGCGCAATTCAATTCT,3.01796745719e-08,L3D9_L3
./logo/logoDME_AGCTAAAA.eps.pdf.png,DME_AGCTAAAA,1.46519125294e-05,L3D6_L3D9
./logo/logoDME_AGNAAGYAAR.eps.pdf.png,DME_AGNAAGYAAR,9.46662233715e-06,L3D9_L3D6
./logo/logoDME_AGTAAGAA.eps.pdf.png,DME_AGTAAGAA,0.000171420088751,L3D9_L3
./logo/logoDME_AGTATAAAAA.eps.pdf.png,DME_AGTATAAAAA,9.4539813538e-06,L3D6_L4
./logo/logoDME_AGTBAGAA.eps.pdf.png,DME_AGTBAGAA,0.00016748046691299998,L3D9_L3
./logo/logoDME_AGTGAAAACCTCTAAA.eps.pdf.png,DME_AGTGAAAACCTCTAAA,5.80952481507e-08,L3D9_L3D6
./logo/logoDME_AGTMMWAC.eps.pdf.png,DME_AGTMMWAC,5.77533662081e-05,L3_L4
./logo/logoDME_AGTRRTAATAAY.eps.pdf.png,DME_AGTRRTAATAAY,2.66656159452e-07,L3D6_L4
./logo/logoDME_AMAAARCATT.eps.pdf.png,DME_AMAAARCATT,0.000652662511765,L3_L3D9
./logo/logoDME_AMAGYWATSK.eps.pdf.png,DME_AMAGYWATSK,3.88591644016e-05,L3_L4
./logo/logoDME_AMARCAGM.eps.pdf.png,DME_AMARCAGM,1.80897230282e-07,L4_L3D6
./logo/logoDME_ARBAAMAAYAAC.eps.pdf.png,DME_ARBAAMAAYAAC,7.60126857983e-05,L3D6_L3D9
./logo/logoDME_ARGAHWGG.eps.pdf.png,DME_ARGAHWGG,0.0007534203841,L3D9_L3
./logo/logoDME_ARVAATWGTAMT.eps.pdf.png,DME_ARVAATWGTAMT,6.73285482778e-05,L3D6_L3
./logo/logoDME_ATAAAAGTTA.eps.pdf.png,DME_ATAAAAGTTA,0.0007463824203,L4_L3D6
./logo/logoDME_ATAATAGTAA.eps.pdf.png,DME_ATAATAGTAA,2.15029540656e-07,L3D9_L3D6
./logo/logoDME_ATATCAAATT.eps.pdf.png,DME_ATATCAAATT,6.46544854454e-06,L3D9_L3
./logo/logoDME_ATATGAAC.eps.pdf.png,DME_ATATGAAC,0.00010489068121799999,L3_L4
./logo/logoDME_ATCAATTAAT.eps.pdf.png,DME_ATCAATTAAT,0.00032041066024699995,L3D9_L3
./logo/logoDME_ATCACAAA.eps.pdf.png,DME_ATCACAAA,0.000616213498713,L3D9_L3D6
./logo/logoDME_ATCASABWRK.eps.pdf.png,DME_ATCASABWRK,3.65156250279e-09,L3D6_L4
./logo/logoDME_ATGAATGA.eps.pdf.png,DME_ATGAATGA,1.3217653183e-05,L3D6_L4
./logo/logoDME_ATGATAATAA.eps.pdf.png,DME_ATGATAATAA,0.0005734986566880001,L3D9_L3
./logo/logoDME_ATGGAAAA.eps.pdf.png,DME_ATGGAAAA,0.00028557699786,L4_L3D6
./logo/logoDME_ATHTCAGASD.eps.pdf.png,DME_ATHTCAGASD,1.85721164702e-05,L3D6_L4
./logo/logoDME_ATKCAATG.eps.pdf.png,DME_ATKCAATG,0.00021333554916400002,L3D9_L3D6
./logo/logoDME_ATTAAGGTAAAGTT.eps.pdf.png,DME_ATTAAGGTAAAGTT,4.29214570271e-07,L4_L3
./logo/logoDME_ATTAAKTAATTAAW.eps.pdf.png,DME_ATTAAKTAATTAAW,0.000162587509967,L3D6_L3
./logo/logoDME_ATTAATTAAWTAAT.eps.pdf.png,DME_ATTAATTAAWTAAT,9.55618444018e-08,L3D9_L3D6
./logo/logoDME_ATTMAAAKAC.eps.pdf.png,DME_ATTMAAAKAC,0.00030257690138400003,L3D9_L3
./logo/logoDME_AVAKKGATDG.eps.pdf.png,DME_AVAKKGATDG,2.45277509003e-05,L3D6_L3D9
./logo/logoDME_AVGAAAGK.eps.pdf.png,DME_AVGAAAGK,4.54997610946e-05,L3D9_L3D6
./logo/logoDME_AWTAATARYMCT.eps.pdf.png,DME_AWTAATARYMCT,2.95335718791e-07,L3D6_L4
./logo/logoDME_AWTGASCA.eps.pdf.png,DME_AWTGASCA,9.33467797719e-06,L3D6_L3
./logo/logoDME_AWYAAACG.eps.pdf.png,DME_AWYAAACG,9.8677658018e-07,L3_L4
./logo/logoDME_AYAATVATAGTR.eps.pdf.png,DME_AYAATVATAGTR,1.4609276697100001e-06,L3D6_L4
./logo/logoDME_AYACAGYT.eps.pdf.png,DME_AYACAGYT,1.79123708379e-05,L3_L4
./logo/logoDME_AYMAACWRAS.eps.pdf.png,DME_AYMAACWRAS,5.94815586555e-06,L3_L3D9
./logo/logoDME_AYTYSAGARA.eps.pdf.png,DME_AYTYSAGARA,0.00044048379736199997,L3D6_L4
./logo/logoDME_AYYMATKCHT.eps.pdf.png,DME_AYYMATKCHT,0.000588212595625,L3D9_L3D6
./logo/logoDME_CAAAAATTTT.eps.pdf.png,DME_CAAAAATTTT,0.00020069470216699999,L4_L3
./logo/logoDME_CAAAAGTTAATRAA.eps.pdf.png,DME_CAAAAGTTAATRAA,0.0009914273911699998,L3D6_L3
./logo/logoDME_CAAAKAATAA.eps.pdf.png,DME_CAAAKAATAA,0.00024033599483599998,L3D9_L3
./logo/logoDME_CAAATAATTT.eps.pdf.png,DME_CAAATAATTT,4.26950522889e-06,L3D9_L3D6
./logo/logoDME_CAAATACR.eps.pdf.png,DME_CAAATACR,1.035146166e-05,L3_L4
./logo/logoDME_CAAATACT.eps.pdf.png,DME_CAAATACT,1.91833228891e-06,L3_L4
./logo/logoDME_CAAAYKAG.eps.pdf.png,DME_CAAAYKAG,0.00037540554241800004,L3_L4
./logo/logoDME_CAACKAYT.eps.pdf.png,DME_CAACKAYT,8.51267215048e-07,L3D6_L3
./logo/logoDME_CAARAACA.eps.pdf.png,DME_CAARAACA,0.000627757162596,L3_L4
./logo/logoDME_CAATATCA.eps.pdf.png,DME_CAATATCA,0.000316631904271,L3_L4
./logo/logoDME_CAATGAAT.eps.pdf.png,DME_CAATGAAT,0.000156579057926,L3D9_L3D6
./logo/logoDME_CAATGATA.eps.pdf.png,DME_CAATGATA,4.55329209565e-05,L3D9_L3D6
./logo/logoDME_CAAWRRDCAARA.eps.pdf.png,DME_CAAWRRDCAARA,0.0007977032032789998,L3D6_L3
./logo/logoDME_CADCARAC.eps.pdf.png,DME_CADCARAC,4.96769378776e-11,L3_L4
./logo/logoDME_CAGWAAWC.eps.pdf.png,DME_CAGWAAWC,7.5879986156699994e-06,L4_L3D6
./logo/logoDME_CAKTRRCA.eps.pdf.png,DME_CAKTRRCA,2.96847983901e-07,L3_L3D9
./logo/logoDME_CAMWSMYMARHK.eps.pdf.png,DME_CAMWSMYMARHK,8.92806907447e-07,L3D9_L3D6
./logo/logoDME_CATAATTAAT.eps.pdf.png,DME_CATAATTAAT,0.000143267317295,L4_L3
./logo/logoDME_CATTAATTAA.eps.pdf.png,DME_CATTAATTAA,1.72624619369e-06,L4_L3
./logo/logoDME_CAYATSCA.eps.pdf.png,DME_CAYATSCA,0.000150698389591,L4_L3
./logo/logoDME_CCAATMRT.eps.pdf.png,DME_CCAATMRT,0.000171654433562,L3D9_L3
./logo/logoDME_CCTAAAAA.eps.pdf.png,DME_CCTAAAAA,0.00023279631708400005,L3D6_L3D9
./logo/logoDME_CDKTYWBCAA.eps.pdf.png,DME_CDKTYWBCAA,2.2976758483599998e-08,L3D9_L3D6
./logo/logoDME_CTCTSAWA.eps.pdf.png,DME_CTCTSAWA,4.431665893969999e-06,L3D6_L4
./logo/logoDME_CTGATRAR.eps.pdf.png,DME_CTGATRAR,1.0967685337399999e-06,L3D6_L3D9
./logo/logoDME_CTGGTCAAAGAGAAAA_1.eps.pdf.png,DME_CTGGTCAAAGAGAAAA.1,1.03765116072e-05,L3D9_L3D6
./logo/logoDME_CTGGTCAAAGAGAAAA_2.eps.pdf.png,DME_CTGGTCAAAGAGAAAA.2,0.00048759543433800004,L4_L3D6
./logo/logoDME_CTTAATGA.eps.pdf.png,DME_CTTAATGA,0.00043405158960500005,L3D6_L4
./logo/logoDME_CTTATGAAGAGTTCAA.eps.pdf.png,DME_CTTATGAAGAGTTCAA,0.00047411271060600004,L3D6_L3
./logo/logoDME_CTTCAAAA.eps.pdf.png,DME_CTTCAAAA,1.14922540139e-05,L3D6_L3
./logo/logoDME_CTTKTSAAAA.eps.pdf.png,DME_CTTKTSAAAA,1.43114205827e-05,L3D9_L3
./logo/logoDME_CTTMARAATA.eps.pdf.png,DME_CTTMARAATA,5.13546155713e-05,L3_L3D9
./logo/logoDME_CTTTTAAAAA.eps.pdf.png,DME_CTTTTAAAAA,0.00041848444494000005,L4_L3
./logo/logoDME_CTTTTGAAGTATAAAA.eps.pdf.png,DME_CTTTTGAAGTATAAAA,4.82544089504e-05,L3D6_L4
./logo/logoDME_CWTGCATD.eps.pdf.png,DME_CWTGCATD,0.00034773773663599995,L3D6_L4
./logo/logoDME_DAWCCTGT.eps.pdf.png,DME_DAWCCTGT,6.96763364108e-10,L3D6_L3D9
./logo/logoDME_DGAAARGG.eps.pdf.png,DME_DGAAARGG,0.00021756409716799997,L3D9_L3D6
./logo/logoDME_DKAAARSKRG.eps.pdf.png,DME_DKAAARSKRG,2.17666092173e-06,L4_L3
./logo/logoDME_GAAAMCHG.eps.pdf.png,DME_GAAAMCHG,1.6335434548799999e-06,L3_L3D6
./logo/logoDME_GAAATGAT.eps.pdf.png,DME_GAAATGAT,0.000865909354209,L4_L3D6
./logo/logoDME_GAAGKGWM.eps.pdf.png,DME_GAAGKGWM,6.19061809506e-05,L4_L3D6
./logo/logoDME_GAAGTAAA.eps.pdf.png,DME_GAAGTAAA,0.00046889304740800006,L3_L4
./logo/logoDME_GAARCTAM.eps.pdf.png,DME_GAARCTAM,6.62449184479e-08,L3_L3D6
./logo/logoDME_GAATBAMTSA.eps.pdf.png,DME_GAATBAMTSA,0.0006012421701189999,L3_L3D6
./logo/logoDME_GAATGAAA.eps.pdf.png,DME_GAATGAAA,7.58181190799e-05,L3D9_L3D6
./logo/logoDME_GAATTATTAA.eps.pdf.png,DME_GAATTATTAA,0.00077570939227,L3_L3D6
./logo/logoDME_GAAVRKGC.eps.pdf.png,DME_GAAVRKGC,1.5971044169099999e-09,L3D9_L3D6
./logo/logoDME_GACAATTT.eps.pdf.png,DME_GACAATTT,0.000989002098618,L3_L3D9
./logo/logoDME_GATAGAAA.eps.pdf.png,DME_GATAGAAA,8.318769962000001e-05,L3D6_L3
./logo/logoDME_GATCAAAA.eps.pdf.png,DME_GATCAAAA,0.00039672255315099995,L3D9_L3
./logo/logoDME_GATGSAAM.eps.pdf.png,DME_GATGSAAM,0.000943119057269,L4_L3D6
./logo/logoDME_GCAAAAMA.eps.pdf.png,DME_GCAAAAMA,3.5202735692800004e-06,L3_L4
./logo/logoDME_GCAAAGAAGCGCAAAT.eps.pdf.png,DME_GCAAAGAAGCGCAAAT,0.000226399142527,L4_L3D6
./logo/logoDME_GCAAKTYA.eps.pdf.png,DME_GCAAKTYA,2.43554262418e-06,L3D9_L3D6
./logo/logoDME_GCAATAAT.eps.pdf.png,DME_GCAATAAT,6.90537336294e-05,L3D9_L3D6
./logo/logoDME_GCAATTTA.eps.pdf.png,DME_GCAATTTA,0.000141236421174,L3D9_L3D6
./logo/logoDME_GCAAWGAW.eps.pdf.png,DME_GCAAWGAW,7.30174695665e-06,L3D9_L3D6
./logo/logoDME_GCRGNAAR.eps.pdf.png,DME_GCRGNAAR,0.000350591128691,L3D9_L3D6
./logo/logoDME_GKYDMAAATM.eps.pdf.png,DME_GKYDMAAATM,1.80046045643e-06,L3D6_L3D9
./logo/logoDME_GMAAACTK.eps.pdf.png,DME_GMAAACTK,0.00013194062725799998,L4_L3D6
./logo/logoDME_GMTMAGAT.eps.pdf.png,DME_GMTMAGAT,5.51626991405e-05,L3D6_L3D9
./logo/logoDME_GMWATRATRAWT.eps.pdf.png,DME_GMWATRATRAWT,0.00031989629665499995,L3D9_L3
./logo/logoDME_GRACAARA.eps.pdf.png,DME_GRACAARA,0.000395790020866,L3D9_L3
./logo/logoDME_GRYCWAAA.eps.pdf.png,DME_GRYCWAAA,1.26323723722e-05,L3_L4
./logo/logoDME_GSAAAAGD.eps.pdf.png,DME_GSAAAAGD,2.89049592067e-05,L4_L3
./logo/logoDME_GSTGDRTYMM.eps.pdf.png,DME_GSTGDRTYMM,1.6984206600899999e-06,L3_L3D6
./logo/logoDME_GTAAACAA.eps.pdf.png,DME_GTAAACAA,6.7100041988e-06,L3_L3D6
./logo/logoDME_GTCAWCWA.eps.pdf.png,DME_GTCAWCWA,1.01360338332e-05,L4_L3D6
./logo/logoDME_GTKMYWAYMB.eps.pdf.png,DME_GTKMYWAYMB,7.16401268048e-16,L3_L3D6
./logo/logoDME_GTTAGAAA.eps.pdf.png,DME_GTTAGAAA,0.000751745121082,L3_L3D9
./logo/logoDME_GTTGAAAA.eps.pdf.png,DME_GTTGAAAA,0.000837993893335,L4_L3D6
./logo/logoDME_GVVTGCAA.eps.pdf.png,DME_GVVTGCAA,1.33101491575e-07,L4_L3
./logo/logoDME_GWVWMARCATTT.eps.pdf.png,DME_GWVWMARCATTT,0.00042112654305600004,L3_L4
./logo/logoDME_GYGAAASA.eps.pdf.png,DME_GYGAAASA,0.00014389788544900002,L3D9_L3
./logo/logoDME_HACTACTR.eps.pdf.png,DME_HACTACTR,5.67692973331e-05,L3D9_L3
./logo/logoDME_HATMCATC.eps.pdf.png,DME_HATMCATC,1.04207011616e-09,L3D6_L4
./logo/logoDME_HTRCAATGRM.eps.pdf.png,DME_HTRCAATGRM,4.8278965698099995e-06,L3D9_L3D6
./logo/logoDME_HTTYCYRCYW.eps.pdf.png,DME_HTTYCYRCYW,2.50244260277e-05,L3D9_L3D6
./logo/logoDME_HVMATMCAKC.eps.pdf.png,DME_HVMATMCAKC,1.19117831479e-09,L3D6_L4
./logo/logoDME_KAAAMGGA.eps.pdf.png,DME_KAAAMGGA,4.73511993832e-05,L3D6_L3D9
./logo/logoDME_KAATTAATTAAWTA.eps.pdf.png,DME_KAATTAATTAAWTA,7.11981297025e-05,L3D9_L3
./logo/logoDME_KARCMKTHAT.eps.pdf.png,DME_KARCMKTHAT,2.5396492126599998e-11,L3_L3D9
./logo/logoDME_KASAKTYVAS.eps.pdf.png,DME_KASAKTYVAS,8.87028116263e-06,L3_L4
./logo/logoDME_KHYMRCAART.eps.pdf.png,DME_KHYMRCAART,2.23230616206e-05,L3D9_L3D6
./logo/logoDME_KRVAAAMGGD.eps.pdf.png,DME_KRVAAAMGGD,1.5480824967e-09,L3D6_L3
./logo/logoDME_KSAVKTTAWMAA.eps.pdf.png,DME_KSAVKTTAWMAA,3.22946444838e-06,L3D9_L3D6
./logo/logoDME_KSMBGCAMTH.eps.pdf.png,DME_KSMBGCAMTH,6.975558231269999e-14,L3_L3D6
./logo/logoDME_MAACACMA.eps.pdf.png,DME_MAACACMA,7.7171117801e-06,L3_L3D6
./logo/logoDME_MAAWTGYKSA.eps.pdf.png,DME_MAAWTGYKSA,0.000145610291937,L3D6_L3
./logo/logoDME_MAAYAAYADC.eps.pdf.png,DME_MAAYAAYADC,2.95831650732e-09,L3D6_L4
./logo/logoDME_MAGMAACT.eps.pdf.png,DME_MAGMAACT,1.67219532874e-07,L4_L3D6
./logo/logoDME_MAMKTGADYR.eps.pdf.png,DME_MAMKTGADYR,1.24992665786e-06,L3_L3D6
./logo/logoDME_MARATTTSADWSAW.eps.pdf.png,DME_MARATTTSADWSAW,0.00042566285069800004,L3D6_L4
./logo/logoDME_MATHCAWYMA.eps.pdf.png,DME_MATHCAWYMA,1.16050933631e-06,L3D6_L3D9
./logo/logoDME_MAVCMSGT.eps.pdf.png,DME_MAVCMSGT,3.9960560497300007e-08,L4_L3D6
./logo/logoDME_MAWGWVKCAM.eps.pdf.png,DME_MAWGWVKCAM,1.427906603e-06,L3D6_L4
./logo/logoDME_MAYAAMAMYAAY.eps.pdf.png,DME_MAYAAMAMYAAY,7.66733243802e-06,L3D6_L4
./logo/logoDME_MCAAAYGT.eps.pdf.png,DME_MCAAAYGT,4.63388349339e-05,L3D9_L3
./logo/logoDME_MGCTRWAT.eps.pdf.png,DME_MGCTRWAT,1.36081388155e-06,L3_L3D6
./logo/logoDME_MMAAATAATYRK.eps.pdf.png,DME_MMAAATAATYRK,9.42146583852e-05,L3_L3D9
./logo/logoDME_MMAMATYGAB.eps.pdf.png,DME_MMAMATYGAB,6.77347216876e-06,L3_L4
./logo/logoDME_MRTWTTKAMGVAAA.eps.pdf.png,DME_MRTWTTKAMGVAAA,8.02671955403e-05,L3D6_L3
./logo/logoDME_MTGAGTTAAW.eps.pdf.png,DME_MTGAGTTAAW,0.000292837647726,L4_L3
./logo/logoDME_MTTAAGAAAATAGA.eps.pdf.png,DME_MTTAAGAAAATAGA,0.00094517326613,L3D6_L3
./logo/logoDME_MYMGCTSWRW.eps.pdf.png,DME_MYMGCTSWRW,2.77881147796e-09,L3_L3D6
./logo/logoDME_RAKGAARARK.eps.pdf.png,DME_RAKGAARARK,0.000319950594566,L4_L3D6
./logo/logoDME_RARGYGGA.eps.pdf.png,DME_RARGYGGA,1.48493790136e-10,L3D6_L4
./logo/logoDME_RAWYCTGT.eps.pdf.png,DME_RAWYCTGT,8.768305401510001e-06,L3D6_L4
./logo/logoDME_RCAAAMGT.eps.pdf.png,DME_RCAAAMGT,2.60946805351e-05,L3D9_L3D6
./logo/logoDME_RMGGAMAA.eps.pdf.png,DME_RMGGAMAA,7.71830394285e-05,L3D9_L3D6
./logo/logoDME_RYKGCDAYAT.eps.pdf.png,DME_RYKGCDAYAT,0.00016522068260399998,L3_L3D6
./logo/logoDME_SAAACKTK.eps.pdf.png,DME_SAAACKTK,1.8358152387099998e-06,L3_L4
./logo/logoDME_SAGAGMAA.eps.pdf.png,DME_SAGAGMAA,4.74961970082e-06,L3D6_L3D9
./logo/logoDME_SAKKCARWRK.eps.pdf.png,DME_SAKKCARWRK,1.28104816497e-06,L3_L3D6
./logo/logoDME_SGKTKAAA.eps.pdf.png,DME_SGKTKAAA,1.86836603585e-11,L4_L3
./logo/logoDME_SHKVAATGKT.eps.pdf.png,DME_SHKVAATGKT,0.000353769782956,L3_L3D9
./logo/logoDME_SMSTSATYHR.eps.pdf.png,DME_SMSTSATYHR,1.1572735682200002e-12,L3_L3D9
./logo/logoDME_SRRAAGTYWR.eps.pdf.png,DME_SRRAAGTYWR,2.03262016393e-07,L3_L3D9
./logo/logoDME_SWTKMACKMY.eps.pdf.png,DME_SWTKMACKMY,6.07087310923e-10,L3_L3D6
./logo/logoDME_TAAAATTAAG.eps.pdf.png,DME_TAAAATTAAG,0.000204718284603,L3_L4
./logo/logoDME_TAAATTGAAT.eps.pdf.png,DME_TAAATTGAAT,0.0006306896544219999,L4_L3D6
./logo/logoDME_TAACAAATTT.eps.pdf.png,DME_TAACAAATTT,1.16823533679e-05,L3D6_L3
./logo/logoDME_TAACATTG.eps.pdf.png,DME_TAACATTG,0.000509945715741,L3D6_L4
./logo/logoDME_TAAGAAAC.eps.pdf.png,DME_TAAGAAAC,0.00019895804342,L4_L3D6
./logo/logoDME_TAAGCTAA.eps.pdf.png,DME_TAAGCTAA,0.000623534479887,L3D9_L3
./logo/logoDME_TAAKAMTAVTAAMA.eps.pdf.png,DME_TAAKAMTAVTAAMA,1.06078625783e-05,L3D6_L4
./logo/logoDME_TAASAAAARA.eps.pdf.png,DME_TAASAAAARA,0.000321199545493,L3D6_L3D9
./logo/logoDME_TAATAAACAA.eps.pdf.png,DME_TAATAAACAA,1.09768654109e-05,L3D6_L4
./logo/logoDME_TAATAATCAAAATG.eps.pdf.png,DME_TAATAATCAAAATG,0.00010237940257200002,L3_L3D9
./logo/logoDME_TAATGAATTAATTA.eps.pdf.png,DME_TAATGAATTAATTA,1.8253673932e-05,L3D9_L3D6
./logo/logoDME_TAATTYGAAAYA.eps.pdf.png,DME_TAATTYGAAAYA,0.000338204310415,L3_L4
./logo/logoDME_TACAGAAA.eps.pdf.png,DME_TACAGAAA,1.05902635165e-06,L4_L3D6
./logo/logoDME_TAGTACTAATAATAAT.eps.pdf.png,DME_TAGTACTAATAATAAT,0.000101436291051,L3D6_L3D9
./logo/logoDME_TATATTGAAATAAT.eps.pdf.png,DME_TATATTGAAATAAT,0.000110771809475,L3D6_L3D9
./logo/logoDME_TATCGAAA.eps.pdf.png,DME_TATCGAAA,3.09757125866e-05,L3D9_L3
./logo/logoDME_TCAAAAATTT.eps.pdf.png,DME_TCAAAAATTT,8.90769775936e-05,L4_L3
./logo/logoDME_TCAAATTAAA.eps.pdf.png,DME_TCAAATTAAA,0.000103638499697,L3D6_L4
./logo/logoDME_TCAAATTC.eps.pdf.png,DME_TCAAATTC,0.000528576080245,L3D9_L3
./logo/logoDME_TCAAATTDAAAA.eps.pdf.png,DME_TCAAATTDAAAA,0.000168591042223,L3D6_L4
./logo/logoDME_TCAAGAAT.eps.pdf.png,DME_TCAAGAAT,0.00022394931435900002,L4_L3
./logo/logoDME_TCAAWAAYAA.eps.pdf.png,DME_TCAAWAAYAA,0.000450486965633,L3_L4
./logo/logoDME_TCATTCSY.eps.pdf.png,DME_TCATTCSY,1.68817414144e-07,L4_L3D6
./logo/logoDME_TCHAWYCAWM.eps.pdf.png,DME_TCHAWYCAWM,0.00011031799537899999,L3D6_L3
./logo/logoDME_TCRTYTSMAW.eps.pdf.png,DME_TCRTYTSMAW,3.05759965386e-06,L3D6_L3
./logo/logoDME_TCTGAAAACCAAAT.eps.pdf.png,DME_TCTGAAAACCAAAT,1.63073355833e-05,L3_L3D9
./logo/logoDME_TCYWTCYAWH.eps.pdf.png,DME_TCYWTCYAWH,0.000881773133256,L3_L3D6
./logo/logoDME_TGAAAAATTA.eps.pdf.png,DME_TGAAAAATTA,0.00026858472736900003,L3_L4
./logo/logoDME_TGAAAATCAATAGATT.eps.pdf.png,DME_TGAAAATCAATAGATT,8.8035551985e-05,L3D6_L3
./logo/logoDME_TGAAASYG.eps.pdf.png,DME_TGAAASYG,1.0914315344e-06,L3D9_L3D6
./logo/logoDME_TGAAGTAA.eps.pdf.png,DME_TGAAGTAA,0.000295645091908,L3_L3D9
./logo/logoDME_TGAAKSAC.eps.pdf.png,DME_TGAAKSAC,1.44174054236e-06,L3_L3D6
./logo/logoDME_TGAAWTGC.eps.pdf.png,DME_TGAAWTGC,5.42807234366e-05,L4_L3
./logo/logoDME_TGCMCAAW.eps.pdf.png,DME_TGCMCAAW,0.000154646942669,L3_L3D6
./logo/logoDME_TGCWAAMS.eps.pdf.png,DME_TGCWAAMS,6.512614932919999e-06,L3_L3D9
./logo/logoDME_TGCWATGR.eps.pdf.png,DME_TGCWATGR,1.86268835835e-09,L3D9_L3D6
./logo/logoDME_TGTAAACA.eps.pdf.png,DME_TGTAAACA,9.91399266496e-06,L3_L3D6
./logo/logoDME_THMRTHYAWCMA.eps.pdf.png,DME_THMRTHYAWCMA,4.634799109019999e-06,L3D6_L3
./logo/logoDME_TKAMARCAAAWT.eps.pdf.png,DME_TKAMARCAAAWT,9.95981861603e-05,L3D9_L3
./logo/logoDME_TKCYGVAWHC.eps.pdf.png,DME_TKCYGVAWHC,5.70672365112e-08,L3_L3D6
./logo/logoDME_TKYGYTWCAR.eps.pdf.png,DME_TKYGYTWCAR,0.0004964201737530001,L3_L4
./logo/logoDME_TRATRGAAAT.eps.pdf.png,DME_TRATRGAAAT,1.89295428756e-05,L3D6_L4
./logo/logoDME_TRCHBBAGRA.eps.pdf.png,DME_TRCHBBAGRA,1.1240885187899999e-10,L3_L3D6
./logo/logoDME_TRCTRACA.eps.pdf.png,DME_TRCTRACA,6.75511015243e-06,L4_L3D6
./logo/logoDME_TRGYAATAAYDATA.eps.pdf.png,DME_TRGYAATAAYDATA,1.43087825516e-05,L3D6_L3
./logo/logoDME_TRKCAATAATAA.eps.pdf.png,DME_TRKCAATAATAA,0.000272033141482,L3D6_L3D9
./logo/logoDME_TSARAYWRGW.eps.pdf.png,DME_TSARAYWRGW,5.04088887714e-08,L3D6_L4
./logo/logoDME_TSAWCAGA.eps.pdf.png,DME_TSAWCAGA,3.64701135108e-07,L3_L3D9
./logo/logoDME_TTAAAAATTYYTAAAA.eps.pdf.png,DME_TTAAAAATTYYTAAAA,0.000305347711065,L3D9_L3
./logo/logoDME_TTAAAATTTAAA.eps.pdf.png,DME_TTAAAATTTAAA,1.72069416958e-05,L3D6_L4
./logo/logoDME_TTAAATGAAT.eps.pdf.png,DME_TTAAATGAAT,0.000117606307825,L3D6_L3
./logo/logoDME_TTAAGATTTCAGAGAA.eps.pdf.png,DME_TTAAGATTTCAGAGAA,2.3591911497599997e-06,L3D6_L3D9
./logo/logoDME_TTAATGAAAA.eps.pdf.png,DME_TTAATGAAAA,0.00034036294140499994,L3_L4
./logo/logoDME_TTAATTGAAA.eps.pdf.png,DME_TTAATTGAAA,1.51067257809e-05,L3D9_L3D6
./logo/logoDME_TTCRMKAYVR.eps.pdf.png,DME_TTCRMKAYVR,1.91600465685e-06,L3_L3D6
./logo/logoDME_TTGAACAA_1.eps.pdf.png,DME_TTGAACAA.1,0.000403952910634,L3D6_L3D9
./logo/logoDME_TTGAACAA_2.eps.pdf.png,DME_TTGAACAA.2,0.00016755315342200004,L3D6_L4
./logo/logoDME_TTGATAAAAA.eps.pdf.png,DME_TTGATAAAAA,0.00029999778176,L3D9_L3D6
./logo/logoDME_TTTCAATAAA.eps.pdf.png,DME_TTTCAATAAA,0.0006996838564219999,L3D9_L3
./logo/logoDME_TTTYRMRVMC.eps.pdf.png,DME_TTTYRMRVMC,4.54677789588e-07,L3_L3D6
./logo/logoDME_TWAGCWAAAT.eps.pdf.png,DME_TWAGCWAAAT,5.20922042222e-07,L3D9_L3
./logo/logoDME_TWTCAGABWR.eps.pdf.png,DME_TWTCAGABWR,1.6603833145299998e-10,L3D6_L4
./logo/logoDME_TYACAAKYTA.eps.pdf.png,DME_TYACAAKYTA,4.76522837332e-06,L3D6_L3D9
./logo/logoDME_TYGWMACMWB.eps.pdf.png,DME_TYGWMACMWB,3.73688409945e-08,L3_L3D6
./logo/logoDME_TYHAKMCAYS.eps.pdf.png,DME_TYHAKMCAYS,7.572639860569999e-06,L3D6_L4
./logo/logoDME_TYMATTYAWC.eps.pdf.png,DME_TYMATTYAWC,0.00010508933514799999,L3D6_L3
./logo/logoDME_TYMTTCKWGM.eps.pdf.png,DME_TYMTTCKWGM,6.19672547831e-05,L4_L3
./logo/logoDME_VAAACGAA.eps.pdf.png,DME_VAAACGAA,0.0006849996227740001,L3D6_L3
./logo/logoDME_VATKBATAKC.eps.pdf.png,DME_VATKBATAKC,5.65030467141e-05,L3D6_L3D9
./logo/logoDME_VKAAAGTHWG.eps.pdf.png,DME_VKAAAGTHWG,0.00017366121925200002,L3_L4
./logo/logoDME_VRGAAGHRBA.eps.pdf.png,DME_VRGAAGHRBA,8.6540623658e-07,L3_L3D6
./logo/logoDME_WAWRAAKKAWTGAA.eps.pdf.png,DME_WAWRAAKKAWTGAA,3.9546180953000004e-05,L3D9_L3D6
./logo/logoDME_WAYTKGMTSA.eps.pdf.png,DME_WAYTKGMTSA,0.000181129745979,L3D9_L3D6
./logo/logoDME_WKAGKAAG.eps.pdf.png,DME_WKAGKAAG,7.66659295855e-08,L4_L3D6
./logo/logoDME_WRMAATGAYM.eps.pdf.png,DME_WRMAATGAYM,1.40407109058e-08,L3D9_L3D6
./logo/logoDME_WTKRATRGDA.eps.pdf.png,DME_WTKRATRGDA,3.4776418837800003e-07,L3D6_L3D9
./logo/logoDME_WTSAAACG.eps.pdf.png,DME_WTSAAACG,4.3979149927800005e-06,L3_L4
./logo/logoDME_WWCCTGTY.eps.pdf.png,DME_WWCCTGTY,1.0015232355e-11,L3D6_L3D9
./logo/logoDME_WWTRCAATGR.eps.pdf.png,DME_WWTRCAATGR,1.99268244051e-06,L3D9_L3D6
./logo/logoDME_WYGAGAAWWK.eps.pdf.png,DME_WYGAGAAWWK,2.2588532652e-06,L3_L4
./logo/logoDME_YCATYCAW.eps.pdf.png,DME_YCATYCAW,6.67699365386e-06,L3_L3D9
./logo/logoDME_YCAWYCAT.eps.pdf.png,DME_YCAWYCAT,2.02047276557e-05,L3D6_L4
./logo/logoDME_YGAMTTGMMWAA.eps.pdf.png,DME_YGAMTTGMMWAA,0.00027151046287500003,L3D9_L3
./logo/logoDME_YTCAAAATAA.eps.pdf.png,DME_YTCAAAATAA,8.67921885925e-06,L3_L4
./logo/logoDME_YYAGATGA.eps.pdf.png,DME_YYAGATGA,3.18648013269e-08,L4_L3
./logo/logogimme_103_Improbizer_AAGTGATAATAATAA.eps.pdf.png,gimme_103_Improbizer_AAGTGATAATAATAA,9.91527522721e-07,L3D6_L3
./logo/logogimme_103_MDmodule_Motif_12_1.eps.pdf.png,gimme_103_MDmodule_Motif.12.1,3.51406396661e-05,L3_L4
./logo/logogimme_108_MDmodule_Motif_12_6.eps.pdf.png,gimme_108_MDmodule_Motif.12.6,0.000859063054049,L3_L4
./logo/logogimme_10_BioProspector_w14_3.eps.pdf.png,gimme_10_BioProspector_w14_3,0.0007514551164189999,L3D6_L4
./logo/logogimme_114_MDmodule_Motif_14_10.eps.pdf.png,gimme_114_MDmodule_Motif.14.10,1.93938262087e-05,L4_L3
./logo/logogimme_119_MEME_6_w14.eps.pdf.png,gimme_119_MEME_6_w14,3.12119309057e-18,L3D6_L3D9
./logo/logogimme_120_MEME_8_w14.eps.pdf.png,gimme_120_MEME_8_w14,7.86979778034e-07,L3_L4
./logo/logogimme_124_MEME_2_w14.eps.pdf.png,gimme_124_MEME_2_w14,0.00018974002193700002,L3D9_L3D6
./logo/logogimme_12_BioProspector_w8_1.eps.pdf.png,gimme_12_BioProspector_w8_1,2.42541418687e-06,L3D6_L3D9
./logo/logogimme_135_MEME_10_w14.eps.pdf.png,gimme_135_MEME_10_w14,1.0947374842e-05,L3D6_L4
./logo/logogimme_137_MEME_8_w10.eps.pdf.png,gimme_137_MEME_8_w10,5.56252185659e-14,L3D6_L3
./logo/logogimme_139_MEME_6_w14.eps.pdf.png,gimme_139_MEME_6_w14,2.46612936627e-15,L3D6_L3D9
./logo/logogimme_140_MEME_8_w14.eps.pdf.png,gimme_140_MEME_8_w14,9.07296118952e-07,L3_L4
./logo/logogimme_149_MEME_6_w14.eps.pdf.png,gimme_149_MEME_6_w14,8.6337720765e-18,L3D6_L3D9
./logo/logogimme_151_MEME_6_w14.eps.pdf.png,gimme_151_MEME_6_w14,0.000106366464111,L3D6_L4
./logo/logogimme_153_MEME_4_w14.eps.pdf.png,gimme_153_MEME_4_w14,6.43673007752e-11,L3D6_L3
./logo/logogimme_154_MEME_5_w14.eps.pdf.png,gimme_154_MEME_5_w14,6.45610230461e-05,L3D6_L3
./logo/logogimme_159_MEME_10_w14.eps.pdf.png,gimme_159_MEME_10_w14,2.52739900366e-06,L3D6_L3
./logo/logogimme_159_MEME_6_w14.eps.pdf.png,gimme_159_MEME_6_w14,1.5834470691100003e-16,L3D6_L3D9
./logo/logogimme_15_BioProspector_w8_4.eps.pdf.png,gimme_15_BioProspector_w8_4,0.00016966944642399999,L3D6_L3D9
./logo/logogimme_160_MEME_8_w14.eps.pdf.png,gimme_160_MEME_8_w14,7.685647789609999e-07,L3_L4
./logo/logogimme_163_MEME_8_w14.eps.pdf.png,gimme_163_MEME_8_w14,7.3244757406100005e-06,L3_L3D6
./logo/logogimme_165_Weeder_3.eps.pdf.png,gimme_165_Weeder_3,2.54378767942e-05,L3_L4
./logo/logogimme_169_Weeder_5.eps.pdf.png,gimme_169_Weeder_5,2.08484378324e-07,L4_L3
./logo/logogimme_171_Weeder_9.eps.pdf.png,gimme_171_Weeder_9,1.06001796433e-06,L3D9_L3D6
./logo/logogimme_172_Weeder_9.eps.pdf.png,gimme_172_Weeder_9,0.000131615367002,L3D9_L3
./logo/logogimme_175_Weeder_10.eps.pdf.png,gimme_175_Weeder_10,0.00011596056106,L3_L3D9
./logo/logogimme_176_Weeder_11.eps.pdf.png,gimme_176_Weeder_11,0.00029435282346499997,L3_L3D6
./logo/logogimme_177_Weeder_12.eps.pdf.png,gimme_177_Weeder_12,0.000593392203398,L3_L3D9
./logo/logogimme_19_BioProspector_w12_1.eps.pdf.png,gimme_19_BioProspector_w12_1,0.00034847462109,L3_L3D9
./logo/logogimme_20_BioProspector_w12_2.eps.pdf.png,gimme_20_BioProspector_w12_2,1.17823204884e-06,L3_L3D9
./logo/logogimme_20_BioProspector_w8_4.eps.pdf.png,gimme_20_BioProspector_w8_4,7.44606355435e-06,L3D9_L3
./logo/logogimme_26_BioProspector_w10_5.eps.pdf.png,gimme_26_BioProspector_w10_5,8.974579180639999e-10,L3D9_L3
./logo/logogimme_32_Homer_12_1.eps.pdf.png,gimme_32_Homer_12_1,8.69824250586e-07,L3D6_L3
./logo/logogimme_36_Homer_10_3.eps.pdf.png,gimme_36_Homer_10_3,0.000580610925786,L4_L3
./logo/logogimme_39_Homer_12_1.eps.pdf.png,gimme_39_Homer_12_1,1.28156608892e-05,L3_L3D9
./logo/logogimme_41_Homer_12_3.eps.pdf.png,gimme_41_Homer_12_3,0.000186091700337,L3_L3D9
./logo/logogimme_44_Homer_12_1.eps.pdf.png,gimme_44_Homer_12_1,7.61154688034e-07,L3D6_L3
./logo/logogimme_49_Homer_14_1.eps.pdf.png,gimme_49_Homer_14_1,0.000156864541215,L3_L3D9
./logo/logogimme_53_Improbizer_TTATTAACAGTAGAAATAAAA.eps.pdf.png,gimme_53_Improbizer_TTATTAACAGTAGAAATAAAA,5.52344012738e-06,L3_L4
./logo/logogimme_53_m1_c1_mATCCATCCATCCATCCATymA.eps.pdf.png,gimme_53_m1_c1_mATCCATCCATCCATCCATymA,9.3487191091e-05,L3D6_L4
./logo/logogimme_55_Improbizer_TTTCTGTCCTTTTTTT.eps.pdf.png,gimme_55_Improbizer_TTTCTGTCCTTTTTTT,0.0003909985116590001,L3D9_L3D6
./logo/logogimme_56_Improbizer_AATGGAAGGAAAA.eps.pdf.png,gimme_56_Improbizer_AATGGAAGGAAAA,4.32357625183e-05,L3D9_L3D6
./logo/logogimme_57_Improbizer_AAATTCAGATGAAAAAAA.eps.pdf.png,gimme_57_Improbizer_AAATTCAGATGAAAAAAA,0.00056127854991,L3D6_L3D9
./logo/logogimme_59_Improbizer_TAAATATGTGATAC.eps.pdf.png,gimme_59_Improbizer_TAAATATGTGATAC,0.00010732160567700001,L4_L3
./logo/logogimme_59_Improbizer_TAGCAAAA.eps.pdf.png,gimme_59_Improbizer_TAGCAAAA,0.000514698756807,L3_L4
./logo/logogimme_60_Improbizer_AAATAAAAAGCAA.eps.pdf.png,gimme_60_Improbizer_AAATAAAAAGCAA,2.89127013717e-05,L3_L4
./logo/logogimme_60_Improbizer_ATAGTAGCATT.eps.pdf.png,gimme_60_Improbizer_ATAGTAGCATT,4.02718199385e-05,L3_L3D9
./logo/logogimme_60_Improbizer_TTACTTCT.eps.pdf.png,gimme_60_Improbizer_TTACTTCT,1.19284017542e-06,L3D9_L3D6
./logo/logogimme_65_MDmodule_Motif_10_3.eps.pdf.png,gimme_65_MDmodule_Motif.10.3,4.65965767697e-08,L3_L4
./logo/logogimme_67_MDmodule_Motif_10_5.eps.pdf.png,gimme_67_MDmodule_Motif.10.5,0.0006178264770519999,L3_L4
./logo/logogimme_72_MDmodule_Motif_14_10.eps.pdf.png,gimme_72_MDmodule_Motif.14.10,1.75931352978e-05,L3D9_L3D6
./logo/logogimme_73_MDmodule_Motif_12_1.eps.pdf.png,gimme_73_MDmodule_Motif.12.1,7.61257822887e-05,L3_L4
./logo/logogimme_79_MDmodule_Motif_12_7.eps.pdf.png,gimme_79_MDmodule_Motif.12.7,6.02931479968e-05,L3_L4
./logo/logogimme_82_MDmodule_Motif_14_9.eps.pdf.png,gimme_82_MDmodule_Motif.14.9,7.61077103555e-05,L3D6_L3D9
./logo/logogimme_84_MDmodule_Motif_14_10.eps.pdf.png,gimme_84_MDmodule_Motif.14.10,2.27010792543e-05,L4_L3
./logo/logogimme_94_MDmodule_Motif_14_9.eps.pdf.png,gimme_94_MDmodule_Motif.14.9,3.85329584809e-08,L3_L3D9
./logo/logogimme_96_MDmodule_Motif_14_1.eps.pdf.png,gimme_96_MDmodule_Motif.14.1,1.81645366732e-05,L3_L3D9
