837 feature  	 square of weight value
gimme_20_BioProspector_w12_2 	0.00117305741673
gimme_49_Homer_14_1 	0.000266094275965
DME_CAKTRRCA 	0.00015523808051
gimme_107_MDmodule_Motif.14.2 	0.000151439018317
DME_TCTGAAAACCAAAT 	0.000144156570006
DME_TGACAAAT 	0.000114663984792
DME_TCAAATCA 	0.000112636846966
DME_GTAAAATATT 	0.000108801697675
DME_SRRAAGTYWR 	0.000108621837649
DME_ACAATAATATCCGTTC 	0.000108173559306
DME_TGAAGTAA 	0.000102079471275
DME_KAAATGATTR 	9.69550941153e-05
gimme_39_Homer_12_1 	8.88845676427e-05
DME_AYMAACWRAS 	8.43459853007e-05
DME_AATGAATTAT 	8.31406096217e-05
DME_TAATAATCAAAATG 	7.45779259241e-05
DME_CAAWKTAAAA 	7.05701515599e-05
DME_YCATYCAW 	6.3975173741e-05
DME_MMAAATAATYRK 	6.29834119707e-05
DME_GTTAGAAA 	6.05623727281e-05
DME_MTMARAACRA 	5.81005432585e-05
DME_AAGAAAATTA 	5.79724015061e-05
DME_YTTAAAWAWGAA 	5.69646601095e-05
DME_SHKVAATGKT 	5.42830816199e-05
DME_AGAAAATTAT 	5.42337692989e-05
gimme_41_Homer_12_3 	5.39617998863e-05
DME_TGCWAAMS 	5.12220772129e-05
DME_AATWWGARCR 	4.80092108161e-05
DME_TTGATCAA 	4.76234592577e-05
gimme_96_MDmodule_Motif.14.1 	4.71058388262e-05
gimme_77_MDmodule_Motif.14.2 	4.63471404466e-05
DME_TTYMWTYAMTAC 	4.38212554538e-05
DME_SMSTSATYHR 	4.17493921335e-05
DME_AAAGTAATMAWT 	4.08592434814e-05
gimme_94_MDmodule_Motif.14.9 	4.07117097472e-05
DME_GAGAAKKA 	4.0360860267e-05
DME_TTAGAATTAA 	3.99187744211e-05
DME_AACATTTACCCAAATA 	3.97856624424e-05
DME_AAATGGAA 	3.94663286073e-05
DME_YTGYAAAATA 	3.88913710622e-05
DME_GACTAATTAGATTA 	3.778409592e-05
DME_TSAWCAGA 	3.72516777493e-05
gimme_105_MDmodule_Motif.14.10 	3.6521983234e-05
DECOD_Motif3_10 	3.65037963605e-05
DME_AAAATGAATT 	3.59388663739e-05
DME_AAAAACAAAK 	3.48203497747e-05
DME_AGAATTCA 	3.35071531139e-05
DME_AAMTGTTRAA 	3.14367415396e-05
DME_RATMATAATMATAA 	3.13230412362e-05
DME_DYRAAHGTCT 	2.98966490259e-05
DME_TWWAAGAGAT 	2.86932693857e-05
DME_AGATGTAA 	2.86082533379e-05
DME_GTACAATT 	2.84049090674e-05
DME_KARCMKTHAT 	2.69566259122e-05
DME_HTRAYSCTTT 	2.68676932141e-05
DME_AAAGAAGA 	2.61959011214e-05
DME_TTAACAAATT 	2.56310616804e-05
DME_TTCCACTTAATCTAAT 	2.55200375413e-05
DME_GCTKWAKMAM 	2.55008587421e-05
DME_AACASYGA 	2.51682599269e-05
DME_AAATAAGAACGA 	2.47939188442e-05
DME_TYCTTAAATAAGAACG 	2.42080567608e-05
gimme_148_MEME_3_w14 	2.41998365305e-05
gimme_145_MEME_10_w14 	2.39940513972e-05
gimme_18_BioProspector_w12_5 	2.35509042474e-05
gimme_12_BioProspector_w10_4 	2.34641363746e-05
DME_AHMMACADAYTT 	2.30150576218e-05
DME_TAGCAAAA 	2.26022322078e-05
DME_TTAAAAATGA 	2.16896660353e-05
DME_STATCTAGAAAACT 	2.09170547584e-05
DME_AATAATCATA 	2.08808384652e-05
DME_TWTCAAAATMTA 	2.05520333885e-05
DME_TYTRCMSAAA 	2.05110859109e-05
DME_ATATTGCA 	2.01366495767e-05
gimme_11_BioProspector_w10_3 	1.99034861691e-05
DME_CAAACAAT 	1.92451157839e-05
DME_GAMAGTKA 	1.91946365007e-05
gimme_147_MEME_2_w14 	1.90777305035e-05
gimme_104_MDmodule_Motif.14.9 	1.87402427785e-05
DME_TTAAGGAGAATGAA 	1.86473711967e-05
DME_AAATACAATT 	1.81358209551e-05
gimme_97_MDmodule_Motif.14.2 	1.80957218225e-05
DME_ATTATTACTGAACGGA 	1.78189101603e-05
DME_AAAACTGT 	1.7770135106e-05
DME_AAGTAATAAT 	1.74632748299e-05
DME_GAWGGAWA 	1.74502804899e-05
DME_TGAMAAATTWWT 	1.69496197081e-05
DME_TTTTKRAGAAAA 	1.69101965001e-05
DME_AATTTACGRAAG 	1.68365647181e-05
DME_CTCAAATT 	1.68050944608e-05
DME_TYATWAAAKG 	1.67325077802e-05
DME_TAADAATAATAAWHAR 	1.59226823453e-05
DME_ATAATCATAAAAGGGT 	1.57805670516e-05
DME_CAAAAKGR 	1.56672492364e-05
DME_KBWTYARCAG 	1.5663910761e-05
DME_AATCATTC 	1.55933259564e-05
DME_YACHAWTRYT 	1.55870431194e-05
DME_AGACTAATTAGATT 	1.55841186155e-05
DME_SAAYATTTAY 	1.55648555049e-05
gimme_114_MDmodule_Motif.14.9 	1.53768626224e-05
DME_MAWRTGAGAW 	1.50419975271e-05
DME_AATTCAAATT 	1.47782024992e-05
DME_CACATTCTTCAACATT 	1.4601978951e-05
DME_CAAWTTCWAT 	1.43250852971e-05
DME_AGCAAAAA 	1.42502620401e-05
DME_ATTCCATTAATACCAA 	1.40100240062e-05
DME_TRTAAACAAA 	1.39192316303e-05
DME_AATTTCTGAAAACCAA 	1.31464374234e-05
DME_ATTCWTMMMC 	1.23272179797e-05
DME_AATAAACAAM 	1.21212220941e-05
DME_MTAAGAACGAAA 	1.20878638047e-05
DME_AAATGATTAA 	1.20250848731e-05
DME_AAAAATATTG 	1.19021917456e-05
DME_AATGTGAGAAAAAC 	1.16216745419e-05
DECOD_Motif5_8 	1.0902811896e-05
DME_ATTGAGAA 	1.08487420777e-05
gimme_99_MDmodule_Motif.14.4 	1.07799674665e-05
DME_AATGAGAA 	1.07705685255e-05
DME_THGWRAATADWC 	1.06115269874e-05
DME_ATTAATACCAACAT 	1.05357148243e-05
DME_ARMTATGC 	1.05311379724e-05
DME_AATGGAAT 	1.01964934339e-05
DME_AKYCHTYCRT 	1.0177640496e-05
gimme_45_Homer_12_2 	1.01736614538e-05
DME_ACATTTACCCAAATAA 	1.00232856153e-05
DME_TGCAATAA 	9.74823295847e-06
gimme_52_Homer_14_4 	9.7240079757e-06
DME_ATRATMATAAAA 	9.68887289693e-06
DME_GCAMAAYA 	9.51590080466e-06
DME_TDTCAHCWGA 	9.48576107422e-06
DME_TAATCAAAATGGAA 	9.32145108428e-06
DME_AAGCATTT 	9.25377711347e-06
DME_TCAAAATTAT 	9.188454703e-06
DME_ATCTAATC 	9.07492129997e-06
DME_GACAATTT 	9.05399420234e-06
DME_AWTCAYMAST 	8.94468665124e-06
DME_TCAAAGTT 	8.8840971532e-06
DME_MATAADARSG 	8.83082249719e-06
DME_TAATACCAACATCGAT 	8.6233920149e-06
DECOD_Motif8_10 	8.59124849324e-06
DME_TGACATTCCATTAATA 	8.10984714541e-06
DME_CATTCCATTAATAC 	8.08999667307e-06
DME_MGTAAATTMMTAAA 	7.83486894649e-06
DME_TAMYMAAATAHT 	7.69067827377e-06
DME_AYAAAATGMT 	7.6271995352e-06
DME_ATTYRMYCAA 	7.55214536427e-06
DME_AATTATCAAT 	7.49176842674e-06
DME_ATGTAAAC 	7.10339754835e-06
DME_TAATAATCAAAATGGA 	6.96646643047e-06
DME_TCTTCAACATTTAC 	6.82202915674e-06
gimme_161_MEME_6_w14 	6.72920767618e-06
gimme_86_MDmodule_Motif.14.1 	6.72001955461e-06
DME_GAAAAATTAT 	6.66102055471e-06
DME_AAATGAATTA 	6.62521956169e-06
DME_AAATAATTAG 	6.45642990002e-06
DME_AAAYGASRAA 	6.38985667492e-06
DME_YTATTCACAAGT 	6.38432819327e-06
DME_ATTCAAAATA 	6.25589456289e-06
DME_AARTWAKAATAATA 	6.2039853533e-06
DME_MMAAATAATY 	6.14378567285e-06
DECOD_Motif7_8 	6.12797755774e-06
DME_TAATAAAATAAT 	5.98691119061e-06
DME_MAMKTGATYV 	5.94635706525e-06
DME_HHWTYCAYYYAT 	5.7983555719e-06
DECOD_Motif10_8 	5.78222416248e-06
DME_WWGMAYGAAA 	5.76756335331e-06
DME_GGAAAAAT 	5.66108019559e-06
DME_TACAATCTAGACTAAT 	5.54146603899e-06
DME_TAAGAACGAAAGTC 	5.53718272198e-06
DME_AAATGTCA 	5.33741056994e-06
DME_AATAAGAACGAAAGTC 	5.0816005718e-06
DME_AAATAATAATAA 	4.95534602074e-06
DME_AWATKARAAATG 	4.81635916774e-06
DME_AACCGTCATTCATT 	4.74993411813e-06
DME_GAATTTCTGAAAAC 	4.71939546323e-06
DME_GAMAYGGA 	4.6823681056e-06
DME_AGCAATTT 	4.61654983096e-06
DME_ACTAATTAGATTAAGT 	4.59444617663e-06
gimme_57_Improbizer_ATTCAACTGTAA 	4.48120085415e-06
DME_TGAATARASHAH 	4.46868002203e-06
DME_ATAATCATAA 	4.19178608789e-06
DME_YMCAARWWAKCW 	4.14998537575e-06
DME_TCYAHCCRWH 	4.13990396356e-06
DME_TCTTCAAA 	4.03115587616e-06
DME_AATAAGTG 	4.01015529019e-06
DME_ACAATAATATCC 	3.85482884518e-06
DME_GAATGAAA 	3.85482884518e-06
DME_AATTTAATTAAA 	3.7124607475e-06
DME_AAMTTAAGKT 	3.55068727286e-06
DME_ACMAATTTTMAR 	3.49812713243e-06
DME_GAAATGAT 	3.49055020925e-06
gimme_37_Homer_12_4 	3.46846370424e-06
DME_CCAAATAATCATAAAA 	3.41825940682e-06
DME_TAAATTAGAA 	3.36473096305e-06
DME_AGAAAACAGTAAGACT 	3.13459088877e-06
DME_TCCATTAATACCAACA 	3.13403063774e-06
DME_GAAAATTATT 	3.08761906384e-06
DME_TGAAAACA 	2.99967995328e-06
DME_AAAATAATATTT 	2.97949341869e-06
DME_TTAAATAAGA 	2.92801796892e-06
DME_GCAAATAA 	2.8682135707e-06
DME_TATBWASCAA 	2.82762594007e-06
DME_AGAAARCAGTAAGA 	2.79139852366e-06
DME_TTACKGAA 	2.7877000057e-06
DME_ACTAATTAGATTAA 	2.72236843568e-06
DME_HTBAAAATSGAR 	2.72159525342e-06
DME_ATTTCCAA 	2.68503274773e-06
DME_ARAATAATWGAA 	2.68503274773e-06
DME_TTCTTCAACATTTACC 	2.61464260469e-06
DME_KCAAAACA 	2.59460736001e-06
gimme_124_MEME_9_w14 	2.58896127487e-06
DME_AACAAATTAT 	2.58813003921e-06
DME_AGACTAATTAGATTAA 	2.55217911514e-06
DME_MACAWTTMMC 	2.47325709088e-06
DME_MATTCDTSAA 	2.45728545345e-06
DME_AATRAAAACA 	2.41043015213e-06
DME_YAAACAATAATATCCG 	2.37403223874e-06
DME_TCAAAATATA 	2.36649371986e-06
DME_TAAGGAGAATGAATGA 	2.33036277107e-06
DME_AGTAAGAA 	2.27755550379e-06
DME_GAAGYYAA 	2.2264328382e-06
DME_GHMYGAWART 	2.21694446174e-06
DME_CAMAGAAY 	2.17010728847e-06
DME_RKAAARAASAAA 	2.06273182475e-06
DME_GMACGARA 	1.9801094371e-06
DME_TGTTCAAA 	1.93189706924e-06
DME_AAGAAATC 	1.87294210668e-06
DME_ATCTAGACTAATTA 	1.83829338925e-06
DME_KTKMATARRSYA 	1.81261704091e-06
gimme_103_MDmodule_Motif.14.8 	1.77789777198e-06
DME_TTACCCAAATAATC 	1.70550728918e-06
DME_AGSAAAAAWT 	1.68696343089e-06
DME_SRAMAMAMAC 	1.67946809203e-06
DME_TTGAAAAAAA 	1.67033833147e-06
DME_AAATAAGAACGAAAGT 	1.60123233397e-06
DME_TGRATGAS 	1.5863100316e-06
DME_AAYGMAAG 	1.58527051138e-06
DME_ATAAGAACGAAAGT 	1.58527051138e-06
DME_GAATTTCTGAAAACCA 	1.58527051138e-06
DME_AACTCAAA 	1.56397364072e-06
DME_TTACCCAAATAATCAT 	1.56397364072e-06
DME_TACCCAAATAATCATA 	1.56397364072e-06
DME_CMAACAAW 	1.46698190086e-06
gimme_83_MDmodule_Motif.14.8 	1.40228793394e-06
DME_ATAATCATAAAAGG 	1.39898356576e-06
DME_MGMAYGAA 	1.3498098002e-06
DME_AWASTTTAAC 	1.3498098002e-06
DME_AATCTAGACTAATT 	1.29132231405e-06
DME_AAGGAGAATGAATGAC 	1.24861611233e-06
DME_GGAAAAAA 	1.06092821628e-06
DME_CATTCWKCAWCA 	1.05512543944e-06
DME_TAAGTTAAAA 	8.9888851923e-07
DME_CCTTTCAAAATATAGT 	8.85164546594e-07
DME_CTTMARAATA 	8.85164546594e-07
DME_MMTGAAMTGRMA 	8.70487699902e-07
DME_CAATAWTAWC 	8.24293134916e-07
DME_CAMATKCT 	8.24293134916e-07
DME_TCTAGAAAACTT 	7.83507659435e-07
DECOD_Motif1_8 	7.80455281621e-07
DME_AATAWTHTMCRT 	7.44029905453e-07
DME_ACAAAGMM 	6.8059210892e-07
DME_TAATCATAAA 	6.8059210892e-07
DME_ATTTACCCAAATAATC 	3.48387871175e-07
DME_AAAWAATMRTWAAA 	0.0
DME_STATCTAGAAAACTTA 	0.0
DME_ACTAATTAGATT 	0.0
DME_TWSTGCAA 	0.0
DME_TSMAAATGRR 	0.0
DME_TCWKCARCHT 	0.0
DME_TCAAAATG 	0.0
DME_TMCAYCYA 	0.0
DME_MTKCMAMWTAAT 	0.0
DME_TCATTCAA 	0.0
DME_ATGATAAC 	0.0
DME_AAACATTC 	0.0
DME_AGAAAAATTA 	0.0
DME_ACATTCTKCAACAT 	0.0
DME_ATAAAGTAAT 	0.0
DME_TTTATAAAAC 	0.0
DME_AAVGATCA 	0.0
DME_TYTATAAATGWA 	0.0
DME_AAAATGGA 	0.0
DME_CAATTVWTAC 	0.0
DME_GAATAAAC 	0.0
gimme_175_Weeder_10 	0.0
DME_TAATAATAATAA 	0.0
DME_CAAAATAATT 	0.0
DME_CAAATTCT 	0.0
gimme_135_MEME_10_w14 	0.0
DME_TTCATCAA 	0.0
DME_AATAAATAAATT 	0.0
DME_TAATARAAAC 	0.0
DME_AAATAARMAC 	0.0
DME_CATTAATG 	0.0
gimme_118_MEME_3_w14 	0.0
DME_MAGHRWTTTC 	0.0
DME_AATAATTAATAA 	0.0
DME_GTAATAATCAAAATGG 	0.0
gimme_172_Weeder_7 	0.0
DME_ARAAAAACAW 	0.0
DME_TTTGAAATAA 	0.0
DME_AATCATAAAT 	0.0
DME_GAMCTTMWKT 	0.0
DME_AACAGAYT 	0.0
gimme_163_MEME_8_w14 	0.0
DME_GRAAAAAWATAT 	0.0
DME_ASTATCTAGAAAACTT 	0.0
DME_TAGAATGTGAGAAA 	0.0
DME_AAAAAAATATTT 	0.0
DME_GAAGTAAB 	0.0
DME_TAATAAMATAMTWA 	0.0
gimme_155_MEME_10_w14 	0.0
DME_TMWTCAAARTRR 	0.0
DME_TGCAAATA 	0.0
gimme_144_MEME_9_w14 	0.0
DME_ACGASWAA 	0.0
DME_KCTCAART 	0.0
DME_TTGTAAAAAT 	0.0
DME_TAAATGAATT 	0.0
DME_BYTRAYCMTT 	0.0
DME_WAATCATAAAWK 	0.0
gimme_89_MDmodule_Motif.14.4 	0.0
DME_AWTHTYMASSAA 	0.0
DME_AATTAAATCT 	0.0
DME_MAATRTTGMWSM 	0.0
DME_AAAATGAAAT 	0.0
DME_KAAAAAGMAA 	0.0
DME_TSAACATTWA 	0.0
DME_GARGMWAAAA 	0.0
DME_AAAATAATAATA 	0.0
DME_GAAATTTC 	0.0
gimme_136_MEME_1_w14 	0.0
gimme_141_MEME_6_w14 	0.0
gimme_115_MDmodule_Motif.14.10 	0.0
DME_AGAATGTGAGAAAAAC 	0.0
DME_AAAAAAAATATT 	0.0
DME_RATGACKK 	0.0
DME_MAAAYAATCAKW 	0.0
DME_AAGAASAG 	0.0
DME_TTCCATTAATACCA 	0.0
DME_TAGAWAAYTYWK 	0.0
gimme_58_Improbizer_GAATGAAA 	0.0
DME_TKCMAATAAT 	0.0
DME_CTTGAAAA 	0.0
gimme_123_MEME_8_w14 	0.0
DME_AATMAAGCTGTATCAA 	0.0
DME_GCTAAATA 	0.0
DME_TGAACATT 	0.0
DME_ACAAATTTTA 	0.0
DME_TTATAAACAA 	0.0
DME_AATKBGYTAA 	0.0
DME_AAAAGTTTAA 	0.0
DME_TTTCAAAC 	0.0
DME_RWTTMCWMTTAW 	0.0
gimme_26_BioProspector_w14_3 	0.0
DME_ATTTCAAATA 	0.0
DME_GAAATCAA 	0.0
DME_RAATAATTGAAW 	0.0
gimme_165_MEME_10_w14 	0.0
DME_TTTCTGAAAACCAAAT 	0.0
DME_GAATTATTAA 	0.0
DME_MTAAVTTWGAAT 	0.0
DME_AGAATGTGAGAAAA 	0.0
DME_ARTATTAGWAAT 	0.0
DME_TTCTGAAAACCAAATG 	0.0
DME_AAMMCYTTTA 	0.0
DME_CAAAATGA 	0.0
DME_MATYCMTC 	0.0
DME_WARARTGTRM 	0.0
DME_AMAAARCATT 	0.0
DME_YCATYCRWNM 	0.0
DME_MYTYAMCAKTTM 	0.0
DME_AAGMAYGA 	0.0
DME_TKKAMRRMARAA 	0.0
DME_AWTTAGAWTAAK 	0.0
DME_RTHATMAAAATG 	0.0
DME_GVAGHAYGWAWR 	0.0
DME_CAAAATATAGTCAACA 	0.0
DME_TAGTAAAC 	0.0
DME_AACAATAATT 	0.0
DME_ATKASAAATG 	0.0
gimme_42_Homer_12_4 	0.0
DME_TAAAATKTCR 	0.0
DME_AAATGTTGMAGAAT 	0.0
DME_AAATTCAATT 	0.0
DME_RMGAAAAATT 	0.0
DME_TGAAGAAA 	0.0
DME_ATAATTGAAA 	0.0
DME_AAAATGKVAR 	0.0
DME_TCCTTTCAAAATATAG 	0.0
gimme_82_MDmodule_Motif.14.7 	0.0
gimme_63_Improbizer_CACTTATTT 	0.0
DME_CATTTACCCAAATAAT 	0.0
DME_GWAAAWTAMTAA 	0.0
DME_TAATTTGAAA 	0.0
DME_ACATTCTKCAACATTT 	0.0
DME_GCATTAAT 	0.0
DME_AAAAATGAAT 	0.0
gimme_137_MEME_2_w14 	0.0
DME_ATAAAAACTT 	0.0
gimme_126_MEME_1_w14 	0.0
DME_ATCAAAAC 	0.0
DME_AACAAATTTT 	0.0
DME_WAWCGCTT 	0.0
DME_TAATCAAAATGGAAGC 	0.0
DME_TTCAACATTTAC 	0.0
DME_TCTCCTTAAATAAGAA 	0.0
gimme_44_Homer_12_1 	0.0
DME_DAKMACHTTC 	0.0
DME_GATMBMAATWTT 	0.0
DME_TARKAAATGA 	0.0
gimme_27_BioProspector_w14_4 	0.0
DME_RMTSAAAATRRAMD 	0.0
DME_AAAATAATTG 	0.0
DME_AARTYATTCA 	0.0
DME_AGTTCATA 	0.0
DME_AAATTAAATC 	0.0
DME_TTTCTGAAAACCAA 	0.0
gimme_116_MEME_1_w14 	0.0
DME_ARWAYKAARKTM 	0.0
gimme_21_BioProspector_w12_3 	0.0
gimme_6_AMD_Motif1 	0.0
DME_TAATCATAAAAGGGTT 	0.0
DME_BAAAAATAAAAA 	0.0
gimme_61_Improbizer_TTTCACTTTCATTA 	0.0
DME_ATTTACGRAAGA 	0.0
DME_ATTAATAGAA 	0.0
DME_AATMATAAAAKD 	0.0
DME_AAYKARAKWC 	0.0
gimme_34_Homer_12_1 	0.0
DME_TAATMAAGCTGTATCA 	0.0
DME_SCAAATGAGAAA 	0.0
DME_GTTCAGTAATAATCAA 	0.0
DME_CAAATAATCATAAA 	0.0
DME_CATTAATACCAACA 	0.0
DME_BTTAAATAAG 	0.0
DME_ACATTTGA 	0.0
DME_AAGAAAAATR 	0.0
DME_CMMAAATRAK 	0.0
DME_TGATTACA 	0.0
DME_CCAAATAATCATAA 	0.0
DME_ABATTYYAYKTA 	0.0
DME_CACAATTT 	0.0
DME_YAATAAAGAW 	0.0
DME_AAAAGAAART 	0.0
DME_GAAAAAKAAA 	0.0
gimme_14_BioProspector_w12_1 	0.0
DME_ACAAATTATT 	0.0
DME_TTYTGCWAAA 	0.0
DME_ATTTACCCAAAT 	0.0
DME_AAAAATGATA 	0.0
DME_TTAMMSAAAT 	0.0
DME_KAATGARAAT 	0.0
DME_ATGAATTTCTGAAAAC 	0.0
DME_AAAAATTCAT 	0.0
DME_AAATAATCAT 	0.0
DME_TTTAAAAATTAA 	0.0
DME_MMAAATGG 	0.0
DME_ATTTGAAATA 	0.0
DME_MATAAAGAAA 	0.0
DME_TCRMGRATTA 	0.0
DME_TAAATAAGAACGAAAG 	0.0
DME_TTGAAGAA 	0.0
DME_CHTCAABATT 	0.0
gimme_167_Weeder_2 	0.0
DME_AAAAKTAAAC 	0.0
DME_AATAAGAACGAA 	0.0
DME_AGAAAATTAA 	0.0
DME_WAATTKMMGRAA 	0.0
gimme_113_MDmodule_Motif.14.8 	0.0
DME_ATAATCAAAATGGAAR 	0.0
DME_CAAATGTT 	0.0
DME_WAATAATAATAATW 	0.0
DME_GAATGAATGACK 	0.0
DME_ACCCAAATAATCATAA 	0.0
DME_TGAAAATG 	0.0
DME_ACTAATKWGA 	0.0
DME_CAYWARTRGW 	0.0
DME_ATAAAAYKTC 	0.0
DME_YAGAAYTTAA 	0.0
gimme_87_MDmodule_Motif.14.2 	0.0
DME_AAAAAACMAA 	0.0
DME_VHASCAATGD 	0.0
gimme_46_Homer_12_3 	0.0
DME_TAGATGAA 	0.0
DME_AATAATTAAATT 	0.0
DME_ATTGAAAATT 	0.0
gimme_164_MEME_9_w14 	0.0
DME_CTTCAAAA 	0.0
DME_ATTTCGAA 	0.0
DME_AAAGTAATAA 	0.0
DME_AAMTTTHWACYG 	0.0
gimme_85_MDmodule_Motif.14.10 	0.0
DECOD_Motif8_8 	0.0
DME_TACATATATA 	0.0
DME_AAAAATGAAWTR 	0.0
DME_TTCMAMTBAA 	0.0
DME_TATCTAGAAAACTT 	0.0
gimme_54_Improbizer_AATATACTGATATTATAA 	0.0
DME_KTAAWAATYAAA 	0.0
DME_AAAACTTTTA 	0.0
DME_TCATATCA 	0.0
gimme_143_MEME_8_w14 	0.0
gimme_127_MEME_2_w14 	0.0
DME_ATWTCAYAAAAA 	0.0
DME_AACCGTCATTCATTCK 	0.0
DME_AAAGCATT 	0.0
DECOD_Motif6_10 	0.0
DME_TTAAGAAAWTTM 	0.0
DME_AATAATCAAAATGG 	0.0
DME_AATTTTTAMAAA 	0.0
DME_MKAAAAGAAA 	0.0
DME_TTTGCAAA 	0.0
DME_AATAATTATTAA 	0.0
DME_AAACAAAAAK 	0.0
DME_TCTAGAAAACTTAG 	0.0
DME_GAATARAMHABT 	0.0
DME_YCTTAAATAAGAACGA 	0.0
DME_CATTCTTCAACATTTA 	0.0
DME_AMTTAATCWWAT 	0.0
DME_AAACAATAATATCC 	0.0
DME_ATAATAATMATAAV 	0.0
DME_TTAATAAAAATT 	0.0
DME_TTTAAGAAAA 	0.0
DME_ARSAAAAATTWT 	0.0
DME_YAMTGWYSTT 	0.0
DME_GAAAATATTT 	0.0
DME_BWARATGGAR 	0.0
DME_WATSAAAATG 	0.0
gimme_158_MEME_3_w14 	0.0
DME_TCAAAATAAT 	0.0
DME_TTCAGAAA 	0.0
DECOD_Motif4_8 	0.0
DME_AATTTACGRAAGAA 	0.0
gimme_131_MEME_6_w14 	0.0
DME_CATTTATAAA 	0.0
DME_TAATTGAAAT 	0.0
DME_AAATTTAAAAAA 	0.0
DME_TATAAATGAA 	0.0
DME_TTGAARAAAAWT 	0.0
DME_TAGAATGTGAGAAAAA 	0.0
DME_AATAGTCTATTCACAA 	0.0
DECOD_Motif2_10 	0.0
DME_ATRAAATGRA 	0.0
DME_AATTTCTGAAAACC 	0.0
gimme_40_Homer_12_2 	0.0
DME_ATCTAGAAAACTTA 	0.0
DME_ATTTCTGAAAACCA 	0.0
DME_TTCAAAATAT 	0.0
DME_AGAATGAA 	0.0
DME_AGYKSAKVAAVA 	0.0
DME_CATTCTCCTTAAATAA 	0.0
DME_TTCAAAATAA 	0.0
DME_AAATAAGAACGAAA 	0.0
gimme_62_Improbizer_TGAAGTAAATA 	0.0
DME_TGTAAAAATT 	0.0
DECOD_Motif4_10 	0.0
DME_TCCACTTAATCTAATT 	0.0
gimme_50_Homer_14_2 	0.0
gimme_154_MEME_9_w14 	0.0
gimme_10_BioProspector_w10_2 	0.0
DME_CTTAAATAAGAACGAA 	0.0
DME_TAATGCAA 	0.0
DME_GAWAMAGC 	0.0
DME_ATAATAGAAT 	0.0
gimme_36_Homer_12_3 	0.0
DME_TAAGGAGAATGAAT 	0.0
gimme_95_MDmodule_Motif.14.10 	0.0
DME_GATGTAAA 	0.0
DME_AAADRATCAKRA 	0.0
DME_AATATTTAAAAT 	0.0
DME_AAAGARATAA 	0.0
DME_AGTTAAAATT 	0.0
gimme_60_Improbizer_ATAGTAGCATT 	0.0
DME_SMAAAACAAM 	0.0
DME_RTATCGAM 	0.0
DME_AGGAGAATGAATGA 	0.0
gimme_117_MEME_2_w14 	0.0
DME_RAACYTAVKTKM 	0.0
DME_AGTMAYAG 	0.0
DME_RAAGAAAAAT 	0.0
DME_AATGAAHTGR 	0.0
DME_TTCCATTAATACCAAC 	0.0
DME_AATAATCATAAAAG 	0.0
DME_AACAATAATATCCGTW 	0.0
DME_WRATAATAATAAWAAH 	0.0
DME_YWCATDCTBC 	0.0
DME_AATAATAAAATAATAA 	0.0
DME_ATAATCAAAATGGA 	0.0
DME_WAARTWAKAAWAATAA 	0.0
DME_GWAAMMCAAA 	0.0
DME_TTCTCCTTAAATAAGA 	0.0
DME_AAAYATYSCA 	0.0
DME_AATATTAGAA 	0.0
DME_AGTGATYA 	0.0
gimme_7_AMD_Motif2 	0.0
DME_TSWGCAAT 	0.0
DME_ATTTACCCAAATAA 	0.0
DME_WAGTTTKATAAA 	0.0
DME_ATTCTTCAACATTTAC 	0.0
DME_TTCWTTCARA 	0.0
DME_KAARWRTACAAW 	0.0
DME_AMCSAARTAM 	0.0
DME_AATAATMATAAM 	0.0
DME_TCAAAATATAGTCAAC 	0.0
DME_AWTYWKCAACMY 	0.0
DME_AATGAATAAT 	0.0
DME_ATCAAATYRT 	0.0
DME_SARAAGAARA 	0.0
DME_GAAABRAATT 	0.0
DME_AATGKMAG 	0.0
DME_ATGAAATG 	0.0
DME_TATGAGAA 	0.0
DME_MAAATAATCW 	0.0
DME_CTGAAAAA 	0.0
DME_AATAAAGTAA 	0.0
DME_TTCTGAAAACCAAA 	0.0
DME_ATCATAAARR 	0.0
DME_AATRTTGMWSAW 	0.0
DME_GATTAAATTA 	0.0
gimme_173_Weeder_8 	0.0
DME_CAATAATAAT 	0.0
DME_TAAATGTTGAAGAA 	0.0
gimme_92_MDmodule_Motif.14.7 	0.0
DME_AASTCDAAAA 	0.0
DME_TCRAAMSRAARA 	0.0
DME_CATTCTKCAACATT 	0.0
gimme_13_BioProspector_w10_5 	0.0
gimme_168_Weeder_3 	0.0
DME_CACTTAATCTAATT 	0.0
gimme_112_MDmodule_Motif.14.7 	0.0
DME_AAAATATTTG 	0.0
DME_TAAGTGRAATCTCA 	0.0
DME_AWTAWTAAAAAC 	0.0
DME_THTTYWCAAG 	0.0
DME_TTAAATAAGAACGA 	0.0
DME_AAGAAAAAAY 	0.0
DME_TCCATTAATACCAA 	0.0
DME_TTYWTMAACA 	0.0
DME_GAATKAVTSA 	0.0
DME_AAYAAWAATATY 	0.0
DME_TYTATTCACAAGTAGA 	0.0
gimme_15_BioProspector_w12_2 	0.0
DME_ARTGRWWWMTSM 	0.0
gimme_84_MDmodule_Motif.14.9 	0.0
DME_VATGAATAAA 	0.0
DME_TWATWCCAHCMW 	0.0
gimme_128_MEME_3_w14 	0.0
DME_WAMRGAAKAR 	0.0
DME_TGAAATAAAA 	0.0
DME_AAATGAAATT 	0.0
DME_GCAAAATA 	0.0
DME_ACAATATC 	0.0
DME_AAGGAGAATGAATG 	0.0
DME_CAAATACA 	0.0
DME_AAAMACAAAA 	0.0
DME_TAAATAAGAACGAA 	0.0
DME_GYAARMAG 	0.0
DME_TTTGTAAAAA 	0.0
gimme_177_Weeder_12 	0.0
DME_ATGAATAAAA 	0.0
DME_GCAAAWAADA 	0.0
DME_TAACAGTT 	0.0
DME_ATTTGTAAAA 	0.0
DME_AAACAAATTT 	0.0
gimme_9_BioProspector_w10_1 	0.0
DME_ATSAACSA 	0.0
DME_ARWAATAAWAATAWTW 	0.0
DME_CATAATARAA 	0.0
DECOD_Motif3_8 	0.0
DME_MASCAATK 	0.0
DME_AARAARTGAATK 	0.0
gimme_102_MDmodule_Motif.14.7 	0.0
gimme_25_BioProspector_w14_2 	0.0
gimme_109_MDmodule_Motif.14.4 	0.0
DME_TAAAAAAATAAA 	0.0
DME_AAKYGTAMWATK 	0.0
DME_AAAAATAAAAAT 	0.0
DME_TTCCGTAAATTACTAA 	0.0
DME_ATDAAAKGGW 	0.0
DME_ATATGAAC 	0.0
DME_MKAGATTAAA 	0.0
DME_ATATGTAAACGT 	0.0
gimme_151_MEME_6_w14 	0.0
DME_GKKCAAAT 	0.0
DME_VMTSMAAATGRR 	0.0
DECOD_Motif10_10 	0.0
gimme_47_Homer_12_4 	0.0
DME_ATAATMAAGCTGTATC 	0.0
DME_AKAATTTAATTA 	0.0
DME_TTCAACATTTACCCAA 	0.0
DME_CAATGAAT 	0.0
DME_CACTTAATCTAATTAG 	0.0
DME_TTATAAAACTTM 	0.0
gimme_146_MEME_1_w14 	0.0
gimme_156_MEME_1_w14 	0.0
DME_TGAGAAAA 	0.0
DME_AATCRTAAAA 	0.0
DME_TTMTCAMC 	0.0
DME_AMAAAAATGA 	0.0
DME_GAAAAATTTT 	0.0
DME_YTACAMTYTADA 	0.0
DME_ATTTAAGGAGAATGAA 	0.0
DME_AAMACAAAAA 	0.0
gimme_170_Weeder_5 	0.0
DME_AATAATTGAA 	0.0
DME_MAAGAAGARV 	0.0
DME_TKCMCMMKTA 	0.0
DME_AACATTTACCCAAA 	0.0
DME_TTAAMTAWGMAM 	0.0
DME_TTAAGAAAAT 	0.0
gimme_53_Homer_14_5 	0.0
DME_AAAAAKACAT 	0.0
DME_TAMCCAAWKW 	0.0
gimme_125_MEME_10_w14 	0.0
DME_TGAAATGA 	0.0
DME_VTAAATTAGA 	0.0
DME_AAGTTAAAAT 	0.0
DME_TYTATTCACAAGTA 	0.0
DME_AGAAAAAKAA 	0.0
DME_TAAATTAMTAAA 	0.0
DME_TTTACCCAAATAATCA 	0.0
DME_TAAATAAGAA 	0.0
DME_GAATGAAT 	0.0
DME_AGHVYGAAAR 	0.0
DME_MWGAADARACAA 	0.0
DME_TTCAAAGT 	0.0
gimme_22_BioProspector_w12_4 	0.0
gimme_134_MEME_9_w14 	0.0
gimme_79_MDmodule_Motif.14.4 	0.0
DME_AAAATGTC 	0.0
DME_TTCGAATA 	0.0
gimme_59_Improbizer_AATTATCACAGCAATAA 	0.0
gimme_19_BioProspector_w12_1 	0.0
DME_TTAGAAAACAGTAAGA 	0.0
gimme_157_MEME_2_w14 	0.0
DME_CAATAATATCCGTTCA 	0.0
DECOD_Motif7_10 	0.0
DME_CTCAAAAA 	0.0
DME_TGAAATTAAA 	0.0
DME_AGCAAAWVAT 	0.0
DME_TTAATAGAAA 	0.0
DME_TAARAAYKNAAR 	0.0
DME_TAAAACAATT 	0.0
DME_YTGAGMAA 	0.0
DME_AAAATTTTAC 	0.0
DME_AWAATAATAAYAAT 	0.0
DME_AAGTAATC 	0.0
gimme_51_Homer_14_3 	0.0
gimme_153_MEME_8_w14 	0.0
DME_AATAAGAACGAAAG 	0.0
DME_TCTCAAAT 	0.0
DME_GYGACAAW 	0.0
DME_YCTTAAATAAGAAC 	0.0
gimme_106_MDmodule_Motif.14.1 	0.0
DME_CATAAATTTA 	0.0
DME_AAYARAGC 	0.0
DME_CATTAATRCCAA 	0.0
DME_ATAAAMMTTC 	0.0
DME_ACTTAATCTAATTA 	0.0
DECOD_Motif1_10 	0.0
DME_WGAACCGTCATTCATT 	0.0
DME_AAATTTGAAT 	0.0
DME_AKAAAAACWTTT 	0.0
DME_WAWRAATGRC 	0.0
DME_AGTAATAATCAAAA 	0.0
DME_ATCAGAAT 	0.0
DME_CAAATCAT 	0.0
DME_CRDAAMTKAMTA 	0.0
gimme_16_BioProspector_w12_3 	0.0
DME_ATAATAATAATA 	0.0
gimme_17_BioProspector_w12_4 	0.0
gimme_93_MDmodule_Motif.14.8 	0.0
DME_TSAAAATRRMAR 	0.0
DME_TTTMYSMAARTA 	0.0
DME_TMARCARHCK 	0.0
DME_CATTCATTCTCCTTAA 	0.0
DME_TGGAAAAA 	0.0
gimme_8_AMD_Motif3 	0.0
DME_AAATTACTAA 	0.0
DECOD_Motif9_10 	0.0
DME_MGCTRAAT 	0.0
DME_ATTTCTGAAAACCAAA 	0.0
DME_AATAATCAAAATGGAA 	0.0
DME_AATAATAATAAA 	0.0
DME_AATAATCATAAAAGGG 	0.0
DME_TAGACTAATTAGATTA 	0.0
DME_TAAATGCT 	0.0
DME_AYTAAYKCTAAA 	0.0
DME_AATCATAAAAGGGTTA 	0.0
DME_AAGAGATA 	0.0
DME_AATAATAATAAT 	0.0
DME_GTAATAATCAAAAT 	0.0
gimme_76_MDmodule_Motif.14.1 	0.0
DME_TRAGARHGAA 	0.0
gimme_121_MEME_6_w14 	0.0
DME_AGCAHWTTMY 	0.0
gimme_23_BioProspector_w12_5 	0.0
DME_AAAAACATTT 	0.0
DME_TAATAATTCA 	0.0
DME_TCAATAATAA 	0.0
DME_AGTAATAATCAAAATG 	0.0
DME_ATATCARTKA 	0.0
DME_AAATAATTGA 	0.0
DME_AAACAATAATATCCGT 	0.0
gimme_55_Improbizer_TAAATTTTCCTTCTTATTTA 	0.0
DME_TGAATTTCTGAAAACC 	0.0
DME_GAATGTGAGAAAAA 	0.0
DME_TRAAATGRAA 	0.0
DME_AATTAAATTG 	0.0
DME_GAATARMCWA 	0.0
DME_TYTHTTYHCAAK 	0.0
gimme_56_Improbizer_CGGAAAGTAGAAAAAT 	0.0
DME_MAAATARTGYAA 	0.0
DME_CAAATAATCATAAAAG 	0.0
DME_CATTCAAA 	0.0
DME_TTTACCCAAATAAT 	0.0
DME_AAAATCAATT 	0.0
gimme_35_Homer_12_2 	0.0
DME_AATACTTC 	0.0
gimme_133_MEME_8_w14 	0.0
DME_GAAGAAAA 	0.0
gimme_138_MEME_3_w14 	0.0
DME_AATGAWRTTWAA 	0.0
DME_AAATAATCATAAAAGG 	0.0
DME_AYHGTYATYC 	0.0
DME_AAAAGARATA 	0.0
DME_AAAATTCAAT 	0.0
DME_CCCAAATAATCATAAA 	0.0
DME_SAAAAAYTTTTK 	0.0
DME_AACAAATTWTAR 	0.0
DME_TTAAATAAGAACGAAA 	0.0
gimme_28_BioProspector_w14_5 	0.0
gimme_24_BioProspector_w14_1 	0.0
DME_AATGAAGT 	0.0
DME_VWRATAATAATAAWAA 	0.0
DME_TTATAAAACT 	0.0
