940 feature  	 square of weight value
DME_MAVCMSGT 	0.000647822827613
DME_GATGSAAM 	0.000498892793698
DME_CTGGTCAAAGAGAAAA 	0.000295390047271
DME_TGAAAAAG 	0.000285375646875
DME_ATGGAAAA 	0.000258496561196
DME_GTCAWCWA 	0.000237410601698
DME_RAKGAARARK 	0.000219533344131
DME_GMAAACTK 	0.000217512138124
DME_AGATATTAAA 	0.000205056650598
DME_WKAGKAAG 	0.00018434572481
DME_GRHARMADTKAY 	0.000174376427641
DME_GCAAAGAAGCGCAAAT 	0.000172550483782
DME_TTAAATCAAR 	0.000155531056018
DME_CGAAAGAAACGAAAGC 	0.000154413469888
DME_TTGTCAAA 	0.000141992813053
DME_AGAAGTGAAAACCT 	0.000130413438682
DME_TACAGAAA 	0.00012552297668
DME_CAGWAAWC 	0.000123820329058
gimme_104_MDmodule_Motif.14.3 	0.000113390441055
DME_TACATTCA 	0.000104687732763
DME_AAAATTGMMV 	0.000101727916953
DME_GWAAGTYTAA 	9.60300709064e-05
DME_ATAAAAATTG 	9.38396419062e-05
DME_TCATTCSY 	8.82091454672e-05
DME_AAYGAVAAAT 	7.68707254869e-05
DME_TCAAATCT 	6.98364414128e-05
DME_AGAAATGAATGGATGA 	6.62158147563e-05
DME_SWDWCATWCVYS 	6.48751115894e-05
DME_AAAAGAATTT 	6.48061370281e-05
DME_GTTGAAAA 	6.15588230903e-05
DME_AGAAAGCRAAAGAA 	6.1033371294e-05
DME_AAYAAATGAR 	6.0377100073e-05
DME_ATAAAAGTTA 	6.01602987695e-05
DME_AAATCAAATY 	5.91366651857e-05
DME_AAAYMTTGMAAW 	5.88537093895e-05
DME_GAAACGAAAGCAATGT 	5.81242542097e-05
DME_AAAAAATAGGGAACGA 	5.43172424342e-05
DME_AGAAAGCGAAAG 	5.4121374763e-05
DME_GAYRCAAATH 	5.40830325348e-05
DME_TAGCAAAACATTGC 	5.20929967335e-05
DME_GMMAACAR 	5.13128620662e-05
DME_ACAGAAAT 	5.10234141844e-05
DME_TAAAAAGG 	5.00796102807e-05
DME_TGCATTAA 	4.97948574027e-05
gimme_90_MDmodule_Motif.14.9 	4.96457457742e-05
DME_AMCGAATA 	4.88554918398e-05
DME_AAACTGAT 	4.74377361526e-05
DME_AAAAGTAATT 	4.71832028072e-05
DME_TATTAAAAATTA 	4.6082583935e-05
DME_TBCMTBCC 	4.50918747688e-05
DME_AAGDGAAAWT 	4.49982639559e-05
DME_CAAATTTAAT 	4.47639594857e-05
DME_AATAATAACAATAA 	4.47333044895e-05
DME_GGAATKRA 	4.33135854372e-05
DME_AAAAGCMA 	4.27322726201e-05
DME_ACAGAAAR 	4.09858843209e-05
DME_AAKTGCWAAK 	3.96806563592e-05
DME_CCAAACAGAAATGATT 	3.83167646857e-05
gimme_63_Improbizer_TAATATTATCAGT 	3.72045898311e-05
gimme_61_Improbizer_TTCCTTTCTTCTTTT 	3.63384989989e-05
DME_TGARAGWARA 	3.5192430193e-05
DME_RAARRGSAAR 	3.46131408223e-05
DME_CAGVHGAA 	3.36063852132e-05
DME_TTTCCAAACAGAAA 	3.31713556863e-05
DME_TCAWTWTAAC 	3.26632042892e-05
DME_TAAATATTATAA 	3.2270785928e-05
DME_TMAAAAAATTRA 	3.20548226475e-05
DME_GAAGWGWA 	3.14715145422e-05
DME_TTAAAATTCA 	3.13784564136e-05
DME_AARRBAAARGKA 	3.07808739873e-05
gimme_62_Improbizer_TATTTACTTCTACATTAA 	3.02448829081e-05
gimme_86_MDmodule_Motif.14.5 	2.94341841891e-05
DME_AAVWGGAARW 	2.76518070763e-05
DME_AAAAATTRAG 	2.68342666991e-05
DME_AAAATATTGA 	2.58698884475e-05
DME_ATATATAAATAT 	2.57298886788e-05
DME_ATTGCAAA 	2.49329489373e-05
DME_CATTWTAASA 	2.41742324565e-05
DME_AATAATAATAAT 	2.41309605792e-05
DME_AGAAACGAAAGCAA 	2.40613763952e-05
DME_ACACTTCCATAAAA 	2.39248582231e-05
DME_CAGGWAAK 	2.31495975689e-05
DME_AAATTTGTAA 	2.27546776745e-05
DME_CAAAAAATYA 	2.25565435996e-05
DME_TTAAAATGAT 	2.15080865364e-05
DME_TACATGAA 	2.14370909559e-05
DME_SYAABCMAAK 	2.12892478945e-05
DME_RAAAGGGV 	2.10345693312e-05
DME_TTCATGAA 	2.09388135838e-05
DME_AACAGTTTCAAACA 	2.05334222024e-05
DME_STGAACMRAA 	2.03269087144e-05
DME_TAAATTGAAT 	2.02182398877e-05
DME_AAATTGAATT 	1.99219010222e-05
DME_CAASACAAAATGGT 	1.83730524127e-05
DME_GCTMWMAAAK 	1.82434020601e-05
DME_ACGWAAGTGATA 	1.80298389862e-05
DME_GAAACBRAHK 	1.76597657257e-05
DME_AAHMGWAAGS 	1.75031388652e-05
DME_RCAGWNKCAM 	1.58771426834e-05
DME_TGAACAAA 	1.57977882067e-05
gimme_98_MDmodule_Motif.14.7 	1.56410800858e-05
gimme_93_MDmodule_Motif.14.2 	1.49361712059e-05
DME_AYAATAATAATM 	1.49361712059e-05
DME_AGBMAAAGKA 	1.44654040208e-05
DME_GGAAAAAA 	1.4317820837e-05
DME_AGMAACTR 	1.39224658292e-05
DME_AAGTGAAA 	1.30617344882e-05
DME_ATGCAAGCAAATAT 	1.26076454526e-05
DME_RGGWRGWG 	1.19263407552e-05
DME_ACAACAAY 	1.13599856735e-05
DME_GCAAAATT 	1.09992415929e-05
DME_TTTCACATTCAGTCAA 	1.06332703214e-05
DME_BCAAAAGA 	1.03606410179e-05
DME_AYTTTAATTAAA 	9.55914957175e-06
DME_GAWVRGSWAAAR 	9.48521486199e-06
DME_CTGATAAA 	9.42328158433e-06
DME_AAACTGAA 	9.08462474973e-06
DECOD_Motif4_10 	8.76220953441e-06
DME_AAGAAYAAAA 	8.72444843641e-06
DME_RAACAGAA 	8.69075878948e-06
gimme_153_MEME_2_w14 	8.69075878948e-06
DME_AACAAAGTAGACGAAA 	8.49232274559e-06
DME_KCAGYCVA 	8.4015963033e-06
DME_AAAATTTGTA 	8.28218107998e-06
DME_ARAACGAA 	8.23272430332e-06
DME_AATTAWTKSAAA 	7.63836221732e-06
DME_RDCTSAWAWRAK 	7.63836221732e-06
DME_KTTGAMAAAA 	7.44224447628e-06
DME_ATGGAADRAA 	6.89339135716e-06
DME_AAMAANTGAG 	6.83964192199e-06
DME_ATGAAAGT 	6.63829831372e-06
DME_AAAAATAGGGAACG 	6.43247216971e-06
gimme_9_BioProspector_w14_4 	6.20694122359e-06
DME_SAAATKVBCA 	6.18707339603e-06
DME_TTTAATTAAAAA 	6.17260136569e-06
DME_CCAAACAGAAATGA 	6.0092258372e-06
DME_ATTGCTAA 	5.99936405312e-06
DME_AARAAAYGAM 	5.83444187729e-06
DME_ATAAAAGMTA 	5.6706951891e-06
DME_AAGGAAGAGGAAGT 	5.63388681745e-06
DME_ATTGATCA 	5.54061311467e-06
DME_TCAAAGAGAAAATG 	5.54010995681e-06
DME_ATAAAAAATATT 	5.44613565961e-06
DME_ATAATTACTA 	5.37702163411e-06
DME_AGTTGAAA 	5.37702163411e-06
DME_ATAAAAGC 	5.37702163411e-06
DME_GATAAAAG 	5.30059589119e-06
DME_GCAAAATTGAACAA 	5.30059589119e-06
DECOD_Motif7_10 	5.30059589119e-06
DME_KAAAATRYTA 	5.11010142172e-06
DME_TAAAAGCA 	4.88855181908e-06
DME_AGSHRAAG 	4.88855181908e-06
DME_GGTCAAAGAGAAAATG 	4.88855181908e-06
DME_TATTGCAA 	4.86747292813e-06
DME_TAAMAAAWCA 	4.86747292813e-06
DME_TDGAARAAAWRG 	4.7258979206e-06
gimme_99_MDmodule_Motif.14.8 	4.59326310317e-06
DME_AGGAAARK 	4.42704111926e-06
DME_AAATTTCMAY 	4.37737083007e-06
DME_MAAARYTGAA 	4.37737083007e-06
DME_WACKAAAAAT 	3.84590453581e-06
gimme_49_Homer_14_5 	3.62924492102e-06
DME_AGAAGGAAGAAGGAAG 	3.62924492102e-06
DME_TTWATTAMAGTA 	3.2704649099e-06
DME_WACWTTTTTAMA 	3.26428110295e-06
DME_SAKSAATG 	3.15945364113e-06
DME_AGYATTATYA 	2.74981039823e-06
DME_MGCAAAMTKR 	2.60719460292e-06
DME_CATCAATGGAAAAA 	2.5930852788e-06
DME_ACTGATAA 	2.54148288175e-06
DME_MRAAWAATTRAG 	2.53773336044e-06
DME_AGAAAAGGAAAAGG 	2.46227109192e-06
DME_AMCDGGAA 	2.16332130139e-06
DME_AMGWAAGKKH 	2.16332130139e-06
DME_AATTGCTA 	2.16332130139e-06
DME_TAATTAAAAAAT 	2.10039907582e-06
DME_TKAWAAAWGTTA 	2.10039907582e-06
DME_GAAAAAGT 	2.04145026807e-06
DECOD_Motif1_8 	1.90959055433e-06
DME_AAATGAATGGATGAGT 	1.85235046622e-06
DME_AAAMTTTCAA 	1.83963651182e-06
DME_AAAATTYRAAAT 	1.80075366583e-06
DME_AAVACWAAAAAT 	1.65629287138e-06
DME_ATATTATAAAAA 	1.45861046932e-06
DME_TCAGAAAGCGAAAGAA 	1.27752535543e-06
DME_GAAAGAAACGAAAGCA 	1.23495139674e-06
DME_TAATTRTAATAA 	1.01920562081e-06
DME_CAAAGAGAAAATGT 	1.01517900571e-06
DME_CAAAACTTCAAATG 	9.49265877076e-07
DME_CTATTCGTTCATCAAA 	7.78795668501e-07
DME_RCKAATGA 	6.52073779428e-07
DME_GATTTCAA 	5.69202812118e-07
DME_CKGCWAAM 	5.36227926684e-07
DME_AYCATVATTA 	5.10362567019e-07
gimme_85_MDmodule_Motif.14.4 	3.69696731318e-07
DME_CARCWGAT 	3.10884496815e-07
DME_RARATATCTT 	2.12065128226e-07
DME_AGTAACAA 	2.09758779584e-07
DME_ACATATTAATAT 	1.89035916824e-07
DME_AAGAAACGAAAGCAAT 	1.21593634169e-07
DME_TAATTGAAAT 	9.98853536419e-08
DME_CTTTTATCAGCCAA 	7.84298004929e-08
DME_GAAAGAAA 	3.73404280147e-08
DME_HRRAAGGG 	2.28517504754e-08
DME_AAAARAATAAAA 	0.0
DME_ATAAGMTAAA 	0.0
DME_ACTGTAAT 	0.0
DME_ATATGAAATA 	0.0
DME_CRAAATGMMV 	0.0
DME_VRRARGBRARAG 	0.0
DME_GAAATGAATGGATGAG 	0.0
DME_AAAAYGAMAAWT 	0.0
DME_CAGCAGAAGKAA 	0.0
DME_GTTCATCAAAACTTCA 	0.0
DME_ATTTCAAAAT 	0.0
DME_AAAASMAAAA 	0.0
DME_GACTGAATGTGAAA 	0.0
DME_ATAATTAATAAA 	0.0
DME_GAATAAAAAGCAAAAG 	0.0
DME_AAVAKMRGAA 	0.0
DME_CAAAAKTAAT 	0.0
DME_SACASCHBAH 	0.0
gimme_84_MDmodule_Motif.14.3 	0.0
DME_WWKCRAAAGA 	0.0
DME_AGACGAAAGTGATA 	0.0
DME_AATGCAAGCAAATM 	0.0
DME_AAAAWGTTRA 	0.0
gimme_162_MEME_1_w14 	0.0
gimme_106_MDmodule_Motif.14.5 	0.0
DME_CAATTATG 	0.0
DME_AAAAATAAATTT 	0.0
DME_TCAACACAAAATGGTC 	0.0
DME_CAAATTGT 	0.0
DME_AAAATATTAATT 	0.0
gimme_117_MDmodule_Motif.14.6 	0.0
gimme_1_BioProspector_w14_1 	0.0
DME_AAKAGGRA 	0.0
DME_AGAAAGCGAAAGAAAC 	0.0
DME_ATCAMADCTT 	0.0
DME_AATAATCATT 	0.0
DME_TCMKKRGMAA 	0.0
DME_AAAATGGA 	0.0
DME_CTGTTTGGAAAAAACA 	0.0
DME_AGHAACTTKT 	0.0
DME_TAATAATAATAA 	0.0
DME_RARDMRGRGVAA 	0.0
DME_AAGGAAGAAGGT 	0.0
DME_AAAAGTTG 	0.0
DME_ACTAATTC 	0.0
DME_AATATAAAAYKATT 	0.0
DME_AGCMRAMDTART 	0.0
DME_GACAAATT 	0.0
DME_TTRAAACRAR 	0.0
DME_GAYAATTRATAR 	0.0
gimme_75_MDmodule_Motif.14.4 	0.0
DME_AAARAMTAAAAA 	0.0
DME_TGATAACGCAAAATTG 	0.0
DME_RTSAAAAAAT 	0.0
DME_CAAATTAATT 	0.0
DME_AAAATGCT 	0.0
DME_AAAAAGRTAT 	0.0
DME_AMTAAAMATAATWA 	0.0
DME_AGAARCRA 	0.0
DME_CTTTCAAA 	0.0
DME_GAAAGCGAAAGAAACG 	0.0
DME_TGAGAATA 	0.0
DME_GMATSGAA 	0.0
DME_AACAAAAAMA 	0.0
DME_TTGCAAAA 	0.0
DME_AATAGTAAAT 	0.0
DME_CTTCTCAACACAAAAT 	0.0
DME_ATAAAATTAGAAGGGC 	0.0
DME_ATAAAWTGAATK 	0.0
DME_AVRSMAGDARRR 	0.0
DME_GARWCARMAM 	0.0
DME_GAAAAAAG 	0.0
gimme_100_MDmodule_Motif.14.9 	0.0
DME_TCAAATTTAA 	0.0
DME_CAAAAAAKAT 	0.0
DME_AAGSGMAA 	0.0
DME_GAGTAAAT 	0.0
DME_AAAAAMGAAA 	0.0
DME_AGTGAAAA 	0.0
DME_KARGAAGA 	0.0
DME_GWWGNAATGA 	0.0
DME_MAGMAACT 	0.0
DME_TRCTRACA 	0.0
DME_ATTTAATTAAMS 	0.0
DME_GARWCWRC 	0.0
DME_AGCKAAAR 	0.0
DME_AAAAGAWTTY 	0.0
DME_RRAAGAAABT 	0.0
DME_CAAHTRSAAT 	0.0
gimme_119_MDmodule_Motif.14.8 	0.0
gimme_89_MDmodule_Motif.14.8 	0.0
DME_MAKAMARBRRAA 	0.0
DME_GAAACGAAAGCAAT 	0.0
DME_RTARATGWAG 	0.0
gimme_57_Homer_14_3 	0.0
DME_ATAAATTGAA 	0.0
DECOD_Motif10_8 	0.0
DME_TACTGTAA 	0.0
DME_ATTGGCTGATAAAAGA 	0.0
DME_CAAATYAAAT 	0.0
DME_AATKATTGYA 	0.0
DME_AAAGCAAM 	0.0
DME_AYHGGARAKS 	0.0
DME_AATATATTATTA 	0.0
DME_ATAACGCAAAATTG 	0.0
gimme_55_Homer_14_1 	0.0
DME_AAATGAATTA 	0.0
DME_TAATGCAA 	0.0
DME_AAAATGAAAM 	0.0
DME_RMGCMAAATT 	0.0
DME_MMRRGAAAATBT 	0.0
DME_AAGATGTA 	0.0
DME_TCAGTAAT 	0.0
DME_AAAHACCAWT 	0.0
gimme_5_BioProspector_w14_5 	0.0
gimme_52_Homer_14_3 	0.0
DME_TRAAAWGMAAAA 	0.0
DME_DACAACAA 	0.0
DME_VAAHSGAMGA 	0.0
gimme_43_Homer_14_4 	0.0
DME_DMGGAAGNAR 	0.0
DME_GAMGWAAR 	0.0
DME_CRATAATAAT 	0.0
gimme_59_Homer_14_5 	0.0
DME_AGGRAGAGAAAG 	0.0
DME_ACAAATTTTA 	0.0
DME_AAGMARSRRA 	0.0
DME_AAGGAAAA 	0.0
gimme_110_MDmodule_Motif.14.9 	0.0
DME_TAGAAATGAATGGATG 	0.0
DME_AATCTTGAAATA 	0.0
DME_ATAWMAGAKAAA 	0.0
DME_TARATWTGAYAR 	0.0
DME_KWAAAAAGTT 	0.0
DME_TGAGAAGTGAAAACCT 	0.0
DME_ATTTCACATTCAGTCA 	0.0
DME_RAKGAGMRTM 	0.0
DME_CATTCAGTCAAAGATA 	0.0
DME_AAGAAAAART 	0.0
DME_AGARWAAATK 	0.0
DME_GCCAACARWTTS 	0.0
DME_GGAAGAAGGWAG 	0.0
DME_AAGCGAAAGAAACGAA 	0.0
DME_RVAARAGG 	0.0
DME_TTAGCAAA 	0.0
gimme_6_BioProspector_w14_1 	0.0
DME_AAAGAARTAA 	0.0
gimme_56_Homer_14_2 	0.0
DME_AAGAAATTAT 	0.0
DME_CAAATGVK 	0.0
DME_CAARACAA 	0.0
DME_TGTTGAGAAGTGAAAA 	0.0
DME_GVAACTGR 	0.0
DME_SCAWACAT 	0.0
DME_AAGGKYAW 	0.0
DME_AAACGAAAGCAATGTT 	0.0
DME_MWGGAWAAHG 	0.0
DME_ACTAAACA 	0.0
DME_AAATWTTKRC 	0.0
DME_RAWDGMRRARGD 	0.0
DME_ATSATTTATAAA 	0.0
DME_AKKAAAAAGK 	0.0
DME_RAAAAGGK 	0.0
DME_ACWKYTTYAM 	0.0
DME_AGAAAAMAGAAAGC 	0.0
gimme_53_Homer_14_4 	0.0
DME_RAAGAAWAAAYK 	0.0
DME_RATTGWRCAADK 	0.0
DME_ACAAATCA 	0.0
DME_AAWTSAACTT 	0.0
DME_TAACGCAAAATTGA 	0.0
DECOD_Motif9_8 	0.0
DME_AAMBAAAAAAMG 	0.0
DME_TAAAAATTGA 	0.0
DME_ARAYKACATY 	0.0
DME_AAAACTTCAAATGC 	0.0
DME_AAAMAGAATT 	0.0
DME_AAATGAARAA 	0.0
DECOD_Motif7_8 	0.0
DME_AGAMTAAAAA 	0.0
DME_RTAAAAGTWA 	0.0
DME_AGTAATTAAA 	0.0
DME_GAAAACTGGAAGTCAA 	0.0
DME_GCATTAAT 	0.0
gimme_152_MEME_1_w14 	0.0
DECOD_Motif5_8 	0.0
DME_GCAAAAGTAATTTCAC 	0.0
gimme_176_Weeder_5 	0.0
gimme_8_BioProspector_w14_3 	0.0
DME_HWTWCMGYCA 	0.0
DME_AMAGAAAC 	0.0
DME_AAAGTAATTA 	0.0
DME_TAATAATAATAATAAT 	0.0
DME_AARGRKMAAA 	0.0
DME_AGGAAAAA 	0.0
DME_CTAATTCA 	0.0
DME_RAAAAAGTTA 	0.0
DME_AGAAGGAAGAAGGA 	0.0
DME_TATTTAATTAAA 	0.0
DME_WAATGCAAGCAAAT 	0.0
gimme_142_MEME_1_w14 	0.0
DME_KRSAAAATST 	0.0
DME_AKAAAAATAWTAAT 	0.0
gimme_60_Improbizer_AAAAAAAAAAAAAAGGAATGAAAGAAA 	0.0
DME_AAHTKCAATT 	0.0
DME_AWTGAGSA 	0.0
DME_AAAATAGGGAACGA 	0.0
DME_AWAAGTTSAA 	0.0
gimme_174_Weeder_3 	0.0
DME_AAGARKWAGH 	0.0
DME_AAYTGWRCAA 	0.0
DME_CAAAGTAT 	0.0
DME_AAAGCGAAAGAAAC 	0.0
DME_AAAATGCAAGCAAA 	0.0
DME_AAAGAMTAAA 	0.0
DME_CWCATYMAAT 	0.0
gimme_111_MDmodule_Motif.14.10 	0.0
gimme_65_Improbizer_AATGAAGGAAAAG 	0.0
DME_RAAAATTKARAA 	0.0
DME_TAAAYKTTCA 	0.0
gimme_96_MDmodule_Motif.14.5 	0.0
DME_BGAAARAAAR 	0.0
gimme_94_MDmodule_Motif.14.3 	0.0
DME_TAACTCATCCATTCAT 	0.0
DME_TGAAAGAA 	0.0
DME_AASAAWTTTG 	0.0
DME_AATWAATGMA 	0.0
DME_TTGMCAAAWD 	0.0
DME_GCAAAATTGAACAAAG 	0.0
DME_AAGTTCAT 	0.0
DME_GSRRMNGADAMB 	0.0
DME_TTGACAAA 	0.0
DME_GTAAAAAATAGGGAAC 	0.0
DME_KGYTWTAAAA 	0.0
DME_TCTGTTTGGAAAAAAC 	0.0
DME_AAAATTATTG 	0.0
gimme_155_MEME_4_w14 	0.0
DME_AATTATCAAT 	0.0
DME_AATTAAATTTAC 	0.0
DME_DAATTCAATTTA 	0.0
DME_TGAGAAGTGAAAAC 	0.0
DME_TACMAATTYTAA 	0.0
DME_AGAAGTAA 	0.0
DME_SYHGAAAWCA 	0.0
DME_TGGAAAAA 	0.0
DME_CAAATTTC 	0.0
DME_YNGWTAAAAG 	0.0
DME_TTCCAAACAGAAAT 	0.0
DME_YAAAASAAAA 	0.0
DME_ARAACRAVAA 	0.0
DME_AAATGMATAA 	0.0
DME_AATTTTAATTAA 	0.0
DME_CARDAAMAAA 	0.0
DME_AAGTTAAAAT 	0.0
DME_GTCAAAGAGAAAAT 	0.0
DME_TAAAATGATT 	0.0
DME_AAGAAACGAAAGCA 	0.0
DME_KKCRRAASAWAM 	0.0
DME_GAGAATAA 	0.0
DME_AGAAGTAAATATTGGC 	0.0
DME_TWTAAAMTGATT 	0.0
DME_GAAGAAGGAAGAAGGA 	0.0
DME_AAAACTGA 	0.0
DME_AATAMAATGA 	0.0
DME_CAGAAAGCRAAAGA 	0.0
gimme_44_Homer_14_5 	0.0
DME_NGRWWGARGWRR 	0.0
DME_TGAAAYTHCA 	0.0
DME_TRAAATGAAA 	0.0
DME_ATTACAAATT 	0.0
DME_AAAAGAKAAA 	0.0
DME_ATAAAATGAM 	0.0
DME_AAMBGAAGVAVS 	0.0
DME_AGAWRTRAAA 	0.0
DME_GCMAVAKTAA 	0.0
DME_ATATTTAATTAA 	0.0
gimme_135_MEME_4_w14 	0.0
DME_GAATTYWAAA 	0.0
DME_TCAAGAAT 	0.0
DME_ARAAGAAARA 	0.0
DME_AAAGAAAG 	0.0
DME_CAAAKWAATTTA 	0.0
DME_AAAAAGTTAT 	0.0
gimme_48_Homer_14_4 	0.0
DME_WKAAATGAAT 	0.0
DME_CACAGCAGAAGTAAAT 	0.0
gimme_68_Improbizer_TTACTCATCCA 	0.0
DME_CAACACAAAATGGTCA 	0.0
DME_GGAARMWG 	0.0
DME_ATAAAATGAT 	0.0
DME_AAGAAGCGCAAATG 	0.0
DME_TCACAAAT 	0.0
DME_AATAAAAATAAT 	0.0
DME_GTTGAGAAGTGAAA 	0.0
gimme_113_MDmodule_Motif.14.2 	0.0
DME_AACACAAAATGGTC 	0.0
DME_TATTACAAAT 	0.0
DME_ATAGGAAA 	0.0
DME_AYRMAWGCAD 	0.0
DME_AAAAGTTTACACAGCT 	0.0
DME_AATAGATG 	0.0
DME_GAAGGAAGAAGGAA 	0.0
DME_TGRWMAARRRGA 	0.0
DME_TAAATGAAAT 	0.0
DME_AAATTTCAAT 	0.0
gimme_73_MDmodule_Motif.14.2 	0.0
DME_AMATAATAAAAA 	0.0
DME_CGAAAAAT 	0.0
DME_CAAAAGAM 	0.0
DME_RADRDVAGAG 	0.0
DME_TAAAAGTAAT 	0.0
DME_TTCCAAACAGAAATGA 	0.0
DME_AAARSARAAK 	0.0
DME_ATTTAATTAAAGTA 	0.0
gimme_87_MDmodule_Motif.14.6 	0.0
gimme_145_MEME_4_w14 	0.0
DME_YTATAAAAKG 	0.0
DME_AAAATTGC 	0.0
DME_AARAVGTTAA 	0.0
DECOD_Motif5_10 	0.0
gimme_64_Improbizer_ACGACAACAAA 	0.0
DME_AATAATTTATTA 	0.0
DME_AGTGAAAACCTCTAAA 	0.0
DME_AAAGAAACGAAAGCAA 	0.0
DME_TTTTAATTAAAA 	0.0
DME_CAAWAYKTCA 	0.0
DME_AAAAGSAAAM 	0.0
DME_AGCAAAACATTGCTTT 	0.0
DME_KGAAGRAA 	0.0
DME_ATCAAATC 	0.0
DME_AATTTGAAAT 	0.0
DME_MATRCWARMA 	0.0
DME_ACRATAATAA 	0.0
DME_TGGCTGATAAAAGATA 	0.0
DECOD_Motif6_8 	0.0
gimme_97_MDmodule_Motif.14.6 	0.0
DME_AAAGATGT 	0.0
gimme_77_MDmodule_Motif.14.6 	0.0
DME_ACTTCTCAACACAAAA 	0.0
gimme_40_Homer_14_1 	0.0
DECOD_Motif6_10 	0.0
DME_TCCATHCA 	0.0
DME_TAAWAATAATAATW 	0.0
DME_CWAWCATTTT 	0.0
DME_WRAACAMAAAAA 	0.0
DME_TTTGCAAA 	0.0
DME_AACGCAAAATTGAA 	0.0
DME_ATKMAAAATAAA 	0.0
DME_TBCAAAAG 	0.0
DME_MASRVRGAGV 	0.0
DME_ACAAAAAMAA 	0.0
DME_AAACWAAAAA 	0.0
DME_AAATCAGCTGTGTAAA 	0.0
DME_CCAACAGWTTCA 	0.0
DME_AARAAGDARAAA 	0.0
gimme_47_Homer_14_3 	0.0
gimme_58_Homer_14_4 	0.0
gimme_79_MDmodule_Motif.14.8 	0.0
DME_AGAAATKRTT 	0.0
DME_WAATTARAAWTG 	0.0
DME_AVTRAAAMAG 	0.0
DME_TTCAMAAATM 	0.0
DME_ATGGAATA 	0.0
gimme_10_BioProspector_w14_5 	0.0
DME_AAMATYGG 	0.0
DME_ACAGCAGAAGTAAATA 	0.0
DME_CATTTATAAA 	0.0
gimme_54_Homer_14_5 	0.0
DME_AAAAAAAAGM 	0.0
DME_AATTAAKGWAAA 	0.0
DECOD_Motif2_8 	0.0
DME_ACGCAAAATTGAACAA 	0.0
DME_GAMGAARDDWGW 	0.0
DME_GAAARMMAGR 	0.0
DME_AAWGSAARAM 	0.0
DME_TAAAAGTTAA 	0.0
DME_KAAADRANRMAG 	0.0
DECOD_Motif2_10 	0.0
DME_AAGAAGGAAGAAGG 	0.0
DME_GRMAACHGAW 	0.0
DME_AAAAGTTTACACAG 	0.0
DME_KTTGACAA 	0.0
DME_VRSVGRAAKGHA 	0.0
DME_TAACGCAAAATTGAAC 	0.0
DME_WKCRAAASAA 	0.0
DME_ATGCAAGCAAAT 	0.0
gimme_7_BioProspector_w14_2 	0.0
DME_GAAAGGAAGGAA 	0.0
DME_MGAAAGAAASGA 	0.0
gimme_115_MDmodule_Motif.14.4 	0.0
gimme_88_MDmodule_Motif.14.7 	0.0
DME_AATGMATAAA 	0.0
DME_GARCAAAA 	0.0
DME_TTGMAAAMMA 	0.0
DME_ATAAAAATAATA 	0.0
DME_ATRATMACAATA 	0.0
DECOD_Motif8_10 	0.0
DME_AACTGTAA 	0.0
DME_AAAAAAKGSR 	0.0
DME_TKGAAARAAA 	0.0
DME_RAAAGAKG 	0.0
DME_AAAATGYYRM 	0.0
DME_WTGWCAACWW 	0.0
DME_CTTTTATCAGCCAATA 	0.0
DME_AAGBAAAAKT 	0.0
DME_AAACGAAAGCAATG 	0.0
DME_GTAAATTTAA 	0.0
DME_WAKKAAGG 	0.0
DME_ATCTTTTATCAGCCAA 	0.0
DME_AAAWTSATTG 	0.0
gimme_123_MEME_2_w14 	0.0
gimme_4_BioProspector_w14_4 	0.0
DME_GRAAGAARWM 	0.0
gimme_107_MDmodule_Motif.14.6 	0.0
DME_RAAACAGA 	0.0
DME_ACAAAATGGTCAAG 	0.0
DME_AATWAMAAAMGA 	0.0
DME_TCCAAACAGAAATGAT 	0.0
DME_AAAGTATTAT 	0.0
DME_RSAARASRAAAA 	0.0
gimme_80_MDmodule_Motif.14.9 	0.0
DME_AAACTTCAAATGCGTA 	0.0
DME_AKGAARAAKV 	0.0
DME_ACAWTTTYMMAA 	0.0
DME_GCAGAAGTAAATATTG 	0.0
DME_AGMKABAAAA 	0.0
DME_GAAATAAG 	0.0
DME_RMRCASCA 	0.0
DME_AAATTAATTTAT 	0.0
DME_SAAAGGRAGASA 	0.0
DME_AAARAGAAAT 	0.0
DME_GGAATAAA 	0.0
DME_TTBYRRRAGAAA 	0.0
DME_AKTKMWAASC 	0.0
DME_VRAARAGGWA 	0.0
DME_ARAAAACTDA 	0.0
DME_AACTGATA 	0.0
DME_TAAATAAAAATA 	0.0
DME_AAATGACAATTCGA 	0.0
gimme_2_BioProspector_w14_2 	0.0
DME_WTCMMTTCMT 	0.0
DME_GAGAGACAAAAATT 	0.0
DME_WKTTGACRAR 	0.0
DME_CAGAATTMAW 	0.0
DME_AGGAAGAAGGWA 	0.0
DME_AAGVAAGA 	0.0
DME_TMWCAATAATAA 	0.0
gimme_41_Homer_14_2 	0.0
DME_GAMMAATTTT 	0.0
DME_WCAVAKGC 	0.0
DME_TGAATGAATGRAAG 	0.0
gimme_46_Homer_14_2 	0.0
DME_AAAGAAGCGCAAAT 	0.0
DME_AAATGGAA 	0.0
DME_CGCAAAATTGAACAAA 	0.0
DME_GATAKAAAAA 	0.0
DME_GAAAGCGAAAGAAA 	0.0
gimme_81_MDmodule_Motif.14.10 	0.0
DME_CGAAAGAAACGAAA 	0.0
DME_WRRGMAACKA 	0.0
DME_AAACTTTC 	0.0
DME_GAATGTAA 	0.0
DME_AMARCAGM 	0.0
DME_GGGAAAVK 	0.0
DME_AATTAAAAAATT 	0.0
DME_AAACTGTA 	0.0
DME_AAAATTAATTTT 	0.0
DME_CCAACAGTTTCAAA 	0.0
DME_AAAAATGG 	0.0
DME_AATAAATTATTA 	0.0
DME_AACAATTG 	0.0
DME_GSAAAGVA 	0.0
DME_GGAAAAGGAAGA 	0.0
DME_AVGYMAAAKKAA 	0.0
DME_CRTTMAKYCV 	0.0
DME_RATTGAGS 	0.0
DME_CTACACTTCCATAAAA 	0.0
DME_AAAGCTTT 	0.0
DME_WTTAWTGCAA 	0.0
gimme_173_Weeder_2 	0.0
DME_MARAAATTDTTG 	0.0
gimme_118_MDmodule_Motif.14.7 	0.0
DME_AGSAGMAD 	0.0
DME_GTTTYAAAMW 	0.0
DME_AAAGTAGACGAAAG 	0.0
DME_AATRCAAGCAAA 	0.0
DME_AYYWSTCMAC 	0.0
DME_AATTMDMAATGA 	0.0
DME_GATAACGCAAAATTGA 	0.0
DME_AAAAATATTAAT 	0.0
gimme_103_MDmodule_Motif.14.2 	0.0
gimme_51_Homer_14_2 	0.0
DME_SAAAYGAATR 	0.0
DME_CTCATTAA 	0.0
DME_AATTTTAATTAAAA 	0.0
DME_TRAAACYG 	0.0
DME_AKAAAAAAVRAA 	0.0
DME_CAAARATTAT 	0.0
DME_GAAACGAAAGCA 	0.0
DME_MACGAAAA 	0.0
DECOD_Motif3_8 	0.0
DME_GCGAAAGAAACGAA 	0.0
DME_DWAAAATGAAAR 	0.0
DME_TCAAAACTTCAAATGC 	0.0
DME_CCAATTAT 	0.0
DME_AMAAAYRRRRAAMG 	0.0
DME_ATWWAAAATGAT 	0.0
DME_AATTAAAGTA 	0.0
DME_AKYTGACA 	0.0
DME_ARCAGAAA 	0.0
DME_AGAYAWTAAATT 	0.0
DME_ATAATAATAATAATAA 	0.0
DME_AAAAAYCATT 	0.0
DME_CAATCATT 	0.0
DME_ATTAAAYCAA 	0.0
DME_ATARAWGAMA 	0.0
DME_TTCTCAACACAAAATG 	0.0
gimme_42_Homer_14_3 	0.0
DME_GAAAGAAACGAAAG 	0.0
DME_AAATGAAATT 	0.0
DME_RAAAAAGATA 	0.0
DME_AATGAAAG 	0.0
DME_HYTCAKYCAA 	0.0
DME_TTYAAAATGM 	0.0
DME_ATGAATDAMM 	0.0
DME_AWTGDATKGA 	0.0
DME_WYCATTTYAA 	0.0
DME_TTTGTAAAAA 	0.0
DME_ACACAAAATGGTCAAG 	0.0
gimme_132_MEME_1_w14 	0.0
DME_AGRAAGAR 	0.0
DME_MAAGATATYT 	0.0
DME_YGRAACAR 	0.0
gimme_114_MDmodule_Motif.14.3 	0.0
DME_GMKGMAAA 	0.0
DME_AAMAATTGMM 	0.0
DME_TYRAMACAAA 	0.0
DME_CAGCAGAAGTAAATAT 	0.0
DME_GYMAAARTDAKT 	0.0
DME_AAAAATAATAAT 	0.0
DME_AAGGAAGAAGGWAG 	0.0
DME_AAATTATCAM 	0.0
DME_TAAGAAAC 	0.0
DME_AAAGTTTAAA 	0.0
DME_GGHRGKAA 	0.0
DME_TTKAAAGMAR 	0.0
DME_AGAAATGA 	0.0
DME_AAAWWGAGVAAR 	0.0
gimme_109_MDmodule_Motif.14.8 	0.0
DME_AGATGTAA 	0.0
gimme_74_MDmodule_Motif.14.3 	0.0
DME_AACTCATCCATTCA 	0.0
DME_AACGCAAAATTGAACA 	0.0
DME_CAGCAGAAGTAAAT 	0.0
DME_AMAGWKAMAR 	0.0
DME_AAGAAGGAAGAAGGAA 	0.0
DME_TCTCAACACAAAAT 	0.0
DME_AACTTTCA 	0.0
DME_TYCCAMWKAT 	0.0
DME_ARGDRGAG 	0.0
gimme_66_Improbizer_AAAGTGACAAT 	0.0
DME_TGGTCAAAGAGAAAAT 	0.0
DME_AATAATAATAATAATA 	0.0
DME_ACGAMAAA 	0.0
DME_AAATAAATTG 	0.0
gimme_143_MEME_2_w14 	0.0
gimme_67_Improbizer_AGAAAGCAA 	0.0
DME_AARGGGMV 	0.0
gimme_108_MDmodule_Motif.14.7 	0.0
DME_TTWGAAATGR 	0.0
DME_GAAAATGT 	0.0
DME_AAAACKRRAA 	0.0
DME_ACAATTTC 	0.0
DME_WTMAARTTMAAC 	0.0
gimme_175_Weeder_4 	0.0
DME_AATGAATGGATGAG 	0.0
DME_AAACGRAA 	0.0
DME_AAAAAKAAAAAA 	0.0
DME_GAAATGAATGGATG 	0.0
gimme_125_MEME_4_w14 	0.0
DME_CGYAAAAT 	0.0
DME_CACAAAATGGTCAA 	0.0
DME_GTTGAGAAGTGAAAAC 	0.0
DME_GRAWSRAWGGRM 	0.0
DME_ATGCAAAT 	0.0
DME_ACAAAATGAGGAAA 	0.0
DME_SYSAAAGAWA 	0.0
DME_ACGCAAAATTGAAC 	0.0
DME_GRGWATVART 	0.0
DME_YGCWAATS 	0.0
DME_TCATAAAATT 	0.0
DME_AGCAATTT 	0.0
DME_GTAAAAGT 	0.0
DME_AAGTAATAMA 	0.0
DME_TTCACATTCAGTCAAA 	0.0
DME_CATCAAAT 	0.0
DME_TTTCACTTCTCAACAC 	0.0
DME_AGAAACGAAAGCAATG 	0.0
DME_TAAAAARGAA 	0.0
DME_GGCTGATAAAAGATAA 	0.0
DME_AAAASMAAYT 	0.0
DME_AAATAATTTATT 	0.0
DME_GGTCAAAGAGAAAA 	0.0
DME_RGRAAGGAAGGA 	0.0
DME_GAAGAAGGAAGAAG 	0.0
DME_TTCACTTCTCAACA 	0.0
DME_AATATAAAAATT 	0.0
DME_AAAATGTC 	0.0
DME_AAAGAAACGAAAGC 	0.0
DME_AAATATTGAA 	0.0
DME_GCGAAAGAAACGAAAG 	0.0
gimme_3_BioProspector_w14_3 	0.0
DME_YGKAWWGAAA 	0.0
gimme_45_Homer_14_1 	0.0
DME_AAAGAMATTA 	0.0
gimme_91_MDmodule_Motif.14.10 	0.0
DME_ATCATTKTAAWA 	0.0
DME_MCAATMATTT 	0.0
DME_TTTTAACAAA 	0.0
DME_GAAAGCGAAAGA 	0.0
DME_TCACTTCTCAAC 	0.0
DME_AACTCATCCATTCATT 	0.0
DME_TGTTATAAAA 	0.0
gimme_133_MEME_2_w14 	0.0
gimme_121_MDmodule_Motif.14.10 	0.0
DME_AACACAAAATGGTCAA 	0.0
DME_TTATAAATGA 	0.0
DME_AAAAGGAA 	0.0
DME_AATGCAAT 	0.0
gimme_17_AMD_Motif7 	0.0
DME_AACAAAATGAGGAA 	0.0
DME_AAGMTAAART 	0.0
DME_ATGAAACT 	0.0
DME_AARHGRAMGAWA 	0.0
DME_TGCAAATWAW 	0.0
DME_STKYYMTWCA 	0.0
DME_GTAATTAAAT 	0.0
gimme_78_MDmodule_Motif.14.7 	0.0
DME_AGCGAAAGAAACGAAA 	0.0
DECOD_Motif3_10 	0.0
DME_ACAGCAGAAGTAAA 	0.0
DME_TGAAAKAAAA 	0.0
DME_AGTAAAAG 	0.0
DME_RATGGAMWMA 	0.0
DME_AKGRRSAVAA 	0.0
DME_ACGAAAGCAATGTTTT 	0.0
DME_AGAARAMWGA 	0.0
DECOD_Motif1_10 	0.0
DME_CAAYRAATWY 	0.0
DME_GCTAATAA 	0.0
gimme_105_MDmodule_Motif.14.4 	0.0
DME_GAAGKGWM 	0.0
DME_AAATRATTKG 	0.0
DME_AAAAATTGAGAAAA 	0.0
DME_ATTTAAATCA 	0.0
DME_AMTATAAAATRA 	0.0
DME_GAAATGAA 	0.0
DME_ATAATAATAATA 	0.0
DME_GGTCGAATAAAATTAG 	0.0
gimme_122_MEME_1_w14 	0.0
gimme_120_MDmodule_Motif.14.9 	0.0
DME_AAAATAATATAA 	0.0
DME_AAATTTGAYM 	0.0
DME_TTTTCAGAAAGCGAAA 	0.0
DME_GAWSAAAAAR 	0.0
DME_GAAATGAT 	0.0
DME_TAAAAAGC 	0.0
DME_GTCAAAGAGAAAATGT 	0.0
gimme_69_Improbizer_GATGAGAAA 	0.0
gimme_165_MEME_4_w14 	0.0
DME_TATAAAATGA 	0.0
gimme_50_Homer_14_1 	0.0
DME_AAAAGTTATT 	0.0
DME_AKCAAAAATT 	0.0
DECOD_Motif9_10 	0.0
DME_AAATTTTAAATT 	0.0
DME_AATTGYAATRAT 	0.0
DME_AAAAATGRAA 	0.0
DME_AAAACTGGAAGTCA 	0.0
DME_AAAWWRGVAAYG 	0.0
DME_GRMWGRRMSG 	0.0
DME_GAGAAAAATGAG 	0.0
DME_RAAMTBTCAA 	0.0
DME_AAAATTGARA 	0.0
DME_CATATTAATA 	0.0
DME_HKGAGCAA 	0.0
DME_AAGAAGTA 	0.0
DME_DRAGYAAAAKKA 	0.0
DME_CYAACAAA 	0.0
DME_AATATKTAATYRAA 	0.0
gimme_76_MDmodule_Motif.14.5 	0.0
DME_MTGAAATAAA 	0.0
gimme_101_MDmodule_Motif.14.10 	0.0
gimme_116_MDmodule_Motif.14.5 	0.0
DME_ATYARAAATG 	0.0
DME_ACAATGAA 	0.0
DME_TCAASACAAAATGG 	0.0
DME_ARWSGAMGMA 	0.0
DME_GAAACSRM 	0.0
DME_AACGAAAGCAATGTTT 	0.0
gimme_163_MEME_2_w14 	0.0
DME_ACTCATCCATTCAT 	0.0
DME_BTCAAAAAATTA 	0.0
DME_WAAGCAAAAKTAAT 	0.0
DME_TMWTTGAAGW 	0.0
DME_GARACARA 	0.0
DME_AAWRGTTMCA 	0.0
DME_KAAAWAAAAG 	0.0
DME_AAAAAATAGGGAAC 	0.0
gimme_95_MDmodule_Motif.14.4 	0.0
DME_AAWTAGATRA 	0.0
DME_AAAGCGAAAGAAACGA 	0.0
DME_SARAAMYGDWAK 	0.0
DME_GAAACTAA 	0.0
DME_TAAAAAATAGGGAACG 	0.0
DME_AATATTGAAA 	0.0
DME_RAAKGARG 	0.0
DME_GAAGAAAT 	0.0
DME_CAAACATT 	0.0
DME_CAAACAGAAATGAT 	0.0
DME_AATTTGTAAA 	0.0
DME_AGMAACMA 	0.0
DME_AATTGCAA 	0.0
DME_AAARGBAG 	0.0
DME_AAMTAAAAGA 	0.0
DME_AMGAARWAAG 	0.0
DME_CAYCWKCM 	0.0
DME_AAGAAATG 	0.0
DME_AAAATTRAKVAA 	0.0
DME_CAGAAAGCGAAAGAAA 	0.0
DME_DVAAGRAADARG 	0.0
DME_AWAGKMAAWG 	0.0
DME_TTCTCAAYACAAAA 	0.0
DME_DCAMWTGCDA 	0.0
gimme_83_MDmodule_Motif.14.2 	0.0
DME_WGMGGAVG 	0.0
