903 feature  	 square of weight value
DME_AAGCAAAA 	0.000323408555362
DME_HTRCAATGRM 	0.000199702382973
DME_KSAVKTTAWMAA 	0.000193933293129
gimme_60_Improbizer_TTACTTCT 	0.000185391852423
DME_ATKCAATG 	0.000170256656597
DME_TACWYWTMCA 	0.000167164683148
DME_CDKTYWBCAA 	0.000160494964558
DME_AGTGAAAACCTCTAAA 	0.000153596944056
DME_WWTRCAATGR 	0.000135096145242
DME_CAAATAATTT 	0.000120704624118
DME_GAWSRAAAAK 	0.000110515005455
DME_HTTYCYRCYW 	9.25521612206e-05
DME_KHYMRCAART 	9.10417310915e-05
DME_GAATGAAA 	8.87673896113e-05
DME_GCTAAAAT 	8.14004302208e-05
DME_ATAATAGTAA 	8.11918236962e-05
DME_TTAATTGAAA 	7.96315814138e-05
gimme_55_Improbizer_TTTCTGTCCTTTTTTT 	7.66251011361e-05
DME_GACARAAK 	7.09219037352e-05
DME_CATCAATGGAAAAA 	5.98706241086e-05
DME_TGAATGAA 	5.94852367129e-05
DME_GCAAKTYA 	5.90926911846e-05
DME_GRAWAMAAGAWR 	5.88023183719e-05
DME_TGAGAAGTGAAAAC 	5.86265159133e-05
DME_WAYTKGMTSA 	5.83498480269e-05
DME_GCAATTTA 	5.76395928531e-05
DME_AGNAAGYAAR 	5.75137206249e-05
DME_AAGCAAMGAAGS 	5.71211989596e-05
DME_WAWRAAKKAWTGAA 	5.69333329758e-05
DME_TGAAASYG 	5.27220842123e-05
DME_CWGVAADYYAAV 	5.21449915512e-05
DME_CAATGAAT 	5.10484286118e-05
DME_GAAVRKGC 	4.95474906475e-05
DME_HKCRCWTWCA 	4.64676915107e-05
DME_AAAGGAAA 	4.52215675295e-05
DME_GCAAWGAW 	4.44390138482e-05
DME_WSAAAYWTAMAY 	4.29232280226e-05
DME_RMGGAMAA 	4.23508464755e-05
DME_WRMAATGAYM 	3.92560899131e-05
DME_MAVTKATMAG 	3.83539316338e-05
DME_AWGSGCHA 	3.82386674027e-05
DME_AATAATAATAAT 	3.8131624834e-05
DECOD_Motif7_8 	3.79524175271e-05
DME_AAATCAGTGATAAG 	3.71781507842e-05
DME_ATTAATTAATTA 	3.59674014912e-05
DME_CAATGATA 	3.56332479389e-05
DME_AWAAAGYAAA 	3.31113442003e-05
DME_AASRWRYAMA 	3.24774657456e-05
gimme_124_MEME_2_w14 	3.21446949889e-05
gimme_82_MDmodule_Motif.14.10 	3.18087023936e-05
DME_ATAAAGTAAT 	3.09562253816e-05
gimme_37_Homer_14_1 	3.02048999226e-05
DME_AAATGCAA 	3.00828477149e-05
DME_AAAAGTTC 	2.96591850509e-05
DME_AAAATTAATG 	2.9021758607e-05
DME_RAYGAAAG 	2.83306960179e-05
DME_GWKYAMATAV 	2.68379299552e-05
DME_TTTMSCAC 	2.64441795855e-05
DME_ATTAATTAAWTAAT 	2.48218644338e-05
DME_GCAAAAAT 	2.45152177721e-05
DECOD_Motif10_10 	2.44721755984e-05
DME_AAGAAATTAT 	2.42077635324e-05
DME_AGCAAKTY 	2.41952835252e-05
DME_CATTGTAA 	2.40350704538e-05
DME_GYWRAAGWAA 	2.39754353048e-05
DME_AAACATACACATACAA 	2.33881328561e-05
DME_KAGAGAMA 	2.19112319779e-05
gimme_103_MDmodule_Motif.14.1 	2.09941382847e-05
gimme_105_MDmodule_Motif.14.3 	2.07681345255e-05
DME_RRGMAAAAAT 	2.05162693307e-05
DME_AATTAATTAATT 	2.01266407069e-05
gimme_92_MDmodule_Motif.14.10 	1.9687520785e-05
DME_ATACAAMYBT 	1.93947782682e-05
DME_RAGTGMAA 	1.9140625e-05
DME_GAYGRKMATA 	1.87208569728e-05
DME_TAAWGYAAAA 	1.84155235658e-05
DME_TCAASACAAAATGG 	1.84073363787e-05
DME_GTTRAMAVRA 	1.83246701887e-05
DME_CAAACATACACATACA 	1.83228442819e-05
DME_AMGYGYAHDT 	1.83109808737e-05
DME_DMAAKGASMA 	1.80371838498e-05
DME_TTCTCAACACAAAA 	1.79574357347e-05
DME_GGGTCGAATAAAATTA 	1.76696862448e-05
DME_ACAMACATMCACAT 	1.75673191872e-05
DME_TCAAAACTTCAAATGC 	1.7555775129e-05
DME_GAAAAGTT 	1.74486337284e-05
DME_RAWTRAGSRA 	1.67285006485e-05
DME_CWGCAGAAGKAA 	1.61431760204e-05
DME_WGSAAAAG 	1.59814975442e-05
DME_CTTGATAA 	1.54922349435e-05
DME_TRAARTGATA 	1.54466074277e-05
DME_RATGCAAAKR 	1.50563841323e-05
DME_TGGRARAA 	1.44966063765e-05
DME_GCAAAAGTAATTTCAC 	1.42474092574e-05
DME_AAACTTCAAATGCGTA 	1.39814356298e-05
DME_TACAATGA 	1.39330042902e-05
gimme_28_Homer_8_2 	1.38511820639e-05
DME_TCAAAGAGAAAATG 	1.37879020395e-05
DME_TCATCAAA 	1.3685334583e-05
DME_AAAATTTRAAAT 	1.36462543389e-05
DME_AAATAATCTT 	1.36170442665e-05
DME_HTGAGCAA 	1.36004231224e-05
DME_TAAAATGATT 	1.35778045156e-05
DME_YTTTWCAAWVAM 	1.34175958352e-05
DME_ATGAATTAATKD 	1.32077027445e-05
DECOD_Motif5_8 	1.30727041962e-05
DME_TAAAATTCAT 	1.28039233062e-05
DME_GGTCAAAGAGAAAATG 	1.25274651662e-05
DME_GWTAAMAMRATK 	1.25050186072e-05
DME_AAATAATAATTT 	1.24023224434e-05
gimme_75_MDmodule_Motif.14.3 	1.23596191406e-05
DME_GCAAATAT 	1.12124837681e-05
gimme_67_MDmodule_Motif.14.5 	1.09444123278e-05
DME_AAGAATGT 	1.08165954219e-05
gimme_83_MDmodule_Motif.14.1 	1.06663256618e-05
DME_AAACTGGAAGTCAA 	1.05552185407e-05
DME_TGTAAAGATAAGAGAG 	1.05312731139e-05
DME_AATGTAAC 	1.04378698225e-05
gimme_108_MDmodule_Motif.14.6 	1.04085289924e-05
DME_AATAATTTTAAT 	1.03742842303e-05
DME_AGAGAAAATCAGTG 	1.02686942382e-05
DME_CAAAAATTAT 	1.01442235505e-05
DECOD_Motif5_10 	9.58848290845e-06
DME_AAAAGGTA 	9.5514576392e-06
DME_SAARTTAHCA 	9.30811839954e-06
DME_AAATGACA 	8.91908763376e-06
DME_AAGTTAACAAGTTGAC 	8.7500092378e-06
DME_YMGCAWKTWA 	8.61765871398e-06
DME_KCRAAAGA 	8.56282531222e-06
gimme_163_Weeder_1 	8.52676274586e-06
DME_TRAAGTAATR 	8.46280991736e-06
DME_ATGCAAAT 	8.28788225696e-06
DME_TAAAGTAATGAATTAA 	8.23631429613e-06
DME_TTTACAATGACCAA 	8.11075305273e-06
DME_GAAMTKAC 	8.07470670941e-06
DME_AAVGAWRARARA 	7.69043780666e-06
DME_AAATTTTACA 	7.69043780666e-06
DME_TGATAATAAA 	7.52326530612e-06
DME_ATTGTAAAGATAAGAG 	7.2006106424e-06
DME_ATSAAAYAAATT 	7.17474489796e-06
DME_TAATGCAA 	6.95568168096e-06
DME_TGACAAAT 	6.87173266304e-06
gimme_22_BioProspector_w14_1 	6.86233899497e-06
DME_GYAAGCWA 	6.55279907786e-06
DME_RBTTCTMWMC 	6.53558440564e-06
DME_AAAACCTCWAAAGA 	6.3972721537e-06
DME_AGCAAGTTAACAAGTT 	6.32129496196e-06
gimme_35_Homer_14_4 	6.2758015714e-06
DME_KAAAAWAGAA 	6.26671135708e-06
DME_AATGAATWAATK 	6.26669837716e-06
DECOD_Motif7_10 	6.22925462339e-06
DME_MAAAGATAAR 	6.13662906141e-06
DME_GRRAWGRAAA 	5.88795994823e-06
DME_AATBACCA 	5.87130177515e-06
DME_AAGTTAACAAGATT 	5.77804227556e-06
DME_TTTTAACAAA 	5.77804227556e-06
gimme_50_Homer_12_4 	5.77804227556e-06
DME_AAAAAMGAAA 	5.65011757224e-06
DME_AAGAGAAA 	5.61880250221e-06
DME_AATGAARYAA 	5.57165636769e-06
DME_TCATTGTAAAGATA 	5.32756538715e-06
DME_AAAAAATAGGGAAC 	5.11029674519e-06
DME_TAKCAMWKATAA 	5.013332858e-06
DME_AATGACAA 	4.73007525937e-06
DME_AACATACACATACA 	4.59014474718e-06
DME_CAAAATATTT 	4.4952154216e-06
gimme_100_MDmodule_Motif.14.8 	4.31360946746e-06
DME_TMAAARAATTAA 	4.31360946746e-06
DME_AATGCAAT 	4.1969896436e-06
DME_ATTCGTTCATCAAAAC 	4.11346954969e-06
DME_GACGAAAGTGATAA 	4.03776532953e-06
DME_ATTGWAAAGW 	4.02947865442e-06
DME_TTAGCTAA 	3.97119532831e-06
DME_GATAAKRG 	3.90915310692e-06
DME_CAGSWART 	3.67903824447e-06
DME_CAATCAAT 	3.55933998694e-06
DME_AAAAGATG 	3.50395572566e-06
DME_WAAAAGTAAWAA 	3.4387830576e-06
DME_YACAATAAAA 	3.42107467046e-06
DME_ATCGAAAACTGGAA 	3.39118801818e-06
DME_RCAATGAM 	3.36714900489e-06
DME_AGYAATKAAT 	3.28477448568e-06
DME_AAATAAATTAAA 	3.25738338829e-06
DME_KGAWAAKGSH 	3.25014878e-06
DME_TTTCAAAAAT 	3.24907903632e-06
gimme_8_BioProspector_w12_3 	3.20909075219e-06
gimme_38_Homer_14_2 	3.1887755102e-06
DME_AKWWATGAATTA 	3.1887755102e-06
DME_GTTGAAAA 	3.17819113438e-06
DME_GTTTCAAA 	3.17708431744e-06
gimme_111_MDmodule_Motif.14.9 	3.16302374007e-06
DME_ATTYTTCAAWAA 	3.16049382716e-06
gimme_80_MDmodule_Motif.14.8 	3.15513561411e-06
DME_AATAAAGYAA 	2.93316091093e-06
DME_GTAAAAGT 	2.92740595061e-06
DME_AAATGAWWAAAT 	2.83754286269e-06
DME_AAAGTAATRMRW 	2.83124071503e-06
DME_GARARAGT 	2.83030884941e-06
DME_AATGAAAATT 	2.80263472577e-06
DME_TGGTCAAAGAGAAAAT 	2.76935754036e-06
DME_ATCAATGM 	2.76085606405e-06
DME_AATTTGAAAT 	2.72739069396e-06
DME_GAAATCTT 	2.64191484001e-06
DME_RGTMAAAG 	2.58929822952e-06
DME_TGATAADAAART 	2.5841698109e-06
DME_CTTGAGAGACAAAAAT 	2.58290816327e-06
gimme_166_Weeder_4 	2.48321909212e-06
DME_AAATGAMTKA 	2.33829792006e-06
gimme_116_MEME_4_w14 	2.33829792006e-06
DME_MWAACGAMAA 	2.32199546485e-06
DME_ATSAGTRATW 	2.32199546485e-06
DME_AATTGCTA 	2.32199546485e-06
gimme_68_MDmodule_Motif.14.6 	2.28806414082e-06
DME_SAMATAHAAAHK 	2.27958548119e-06
DME_ATTAATTGAA 	2.27124299786e-06
DME_AAAWAAAGWAAT 	2.26299518625e-06
DME_AATAGGAA 	2.24570132243e-06
DME_AAGTAATG 	2.20082115687e-06
DME_TTAAMAAGAK 	2.15642268014e-06
DME_TCASTCAT 	2.15497536313e-06
DME_AAGATAAGAGAGAA 	2.08025147929e-06
DME_WGAGAAWWTS 	2.0800952192e-06
DME_GCAAATAA 	2.00354192683e-06
DME_AATKAMTGSR 	2.00354192683e-06
DME_AAATAAAGTAATGAAT 	2.00354192683e-06
DME_AAAATGRAAA 	1.97850501147e-06
DME_AAGCTTMVAA 	1.96902485061e-06
DME_TAYTAYTAWC 	1.96549225654e-06
DME_CACATACAAACATA 	1.92260945166e-06
DME_TGAGAAAT 	1.92260945166e-06
DME_AAAAACMATT 	1.91715976331e-06
DME_AAGAGAGAATCAGTGA 	1.91715976331e-06
DME_YTTSAAATKAAA 	1.91067043331e-06
DME_TGRSTGAA 	1.89466956035e-06
DME_GWDWGAMAAMAR 	1.83466308334e-06
DME_VRVARTYWGTGA 	1.82820868875e-06
DME_AGWAATGAATTAAT 	1.82820868875e-06
DME_TCATCAAT 	1.82820868875e-06
DME_TGATAAGA 	1.82820868875e-06
DME_AAAACTMARA 	1.82820868875e-06
DME_ATTACTACTATCCTAA 	1.82820868875e-06
DME_GAAAACTGGAAGTCAA 	1.79368622449e-06
DME_TAAGAGAAAATCAGTG 	1.79368622449e-06
DME_MTAAACTTTATC 	1.79368622449e-06
DME_MAYYCAKTRC 	1.58304547305e-06
DME_AAYAWRATTG 	1.58304547305e-06
DME_RCAAYTGA 	1.44964821423e-06
DME_TCATTKKAAA 	1.44451056889e-06
DME_TTGTAAAGATAAGA 	1.44451056889e-06
DME_TATTGCAA 	1.44451056889e-06
DME_ACATACAWACATAC 	1.37396181352e-06
DME_AATTAATTCATTRC 	1.37396181352e-06
DME_AAGATAAGAGAAAA 	1.37396181352e-06
DME_ACAARTTG 	1.33136094675e-06
gimme_117_MEME_5_w14 	1.16018981478e-06
DME_WAAAGTAATRWA 	1.14795918367e-06
DME_ATAAAGTAATGAATTA 	1.11290906895e-06
DME_AAATGGAA 	1.08122895824e-06
DME_ATAAGWKMAART 	8.73552114017e-07
DME_AGCAAATT 	8.73552114017e-07
DME_TRAAMASYTC 	8.73552114017e-07
gimme_59_Improbizer_TGCAATGATA 	8.12537195001e-07
DME_TTAAAATATG 	7.48890532544e-07
DME_TCRTTTCHAA 	7.02736244961e-07
DME_GAAAWGATAW 	6.87731481849e-07
gimme_65_MDmodule_Motif.14.3 	6.37550488222e-07
DME_RAAGAAAAWRYT 	6.32275757585e-07
DME_CAAACATACACATA 	5.73369313979e-07
DME_ATTGAAAAAT 	5.36187896082e-07
DME_AAGAAATG 	5.111206113e-07
DME_SAAAATGS 	4.60529345595e-07
DME_TAATAATAATHATT 	3.88245384007e-07
DME_TGCWATGR 	3.86649198901e-07
DME_AVSATAAKAG 	3.61008781813e-07
DME_MGGMAAAR 	2.96729264862e-07
DME_AMRMGHAAGW 	2.65318267755e-07
DME_ATACAMACATACACAT 	2.39682099311e-07
DME_TRAGCAAA 	2.21370369183e-07
DME_GATAAGAGAAAATC 	1.81680900962e-07
DME_AAACTKMAAA 	1.72270520233e-07
DME_RCAAAMGT 	1.43331561198e-07
DME_CAAAAATTAWTK 	1.16882168164e-07
gimme_72_MDmodule_Motif.14.10 	9.50071957413e-08
DME_AACAYAMAYR 	8.42036033163e-08
DME_TAAATATGAA 	6.25e-08
DME_AAGARAAAAW 	0.0
DME_ATGACAAT 	0.0
DME_TYGMAAAKRTAA 	0.0
DME_AAAAAATAGGGAACGA 	0.0
DME_TCATTGTAAAGATAAG 	0.0
DME_AATCGAAAACTGGAAG 	0.0
DME_TGCATTAA 	0.0
DME_AAGAARAAAM 	0.0
DME_GTGWAMAM 	0.0
DME_AAWGAWGC 	0.0
DME_GTTCATCAAAACTTCA 	0.0
DME_ATAAGAGAAAATCA 	0.0
DME_TTATCAAAAT 	0.0
DME_CKDTTKAAAAWG 	0.0
DME_AAATTTTCAA 	0.0
DME_AAAGWAAARA 	0.0
DME_ARTTGMAATT 	0.0
DME_AAAAGCAA 	0.0
gimme_3_BioProspector_w12_3 	0.0
DME_CAASACAAAATGGT 	0.0
DME_ATCAATAATT 	0.0
DME_AAGATAAG 	0.0
gimme_1_BioProspector_w12_1 	0.0
DME_ACATACACATACAM 	0.0
DME_VAGRGAAAADVT 	0.0
gimme_42_Homer_14_1 	0.0
DME_AGGATAGTAGTAAT 	0.0
DME_AAAATGWWTG 	0.0
DME_AWTGMGCA 	0.0
DME_AAAGYAAAAY 	0.0
DME_TAAAGTAATA 	0.0
DME_AAAASKAAAA 	0.0
DME_TTAAAAAATG 	0.0
DME_GCTTTAAA 	0.0
DME_AAAATGGA 	0.0
gimme_49_Homer_12_3 	0.0
DME_TAATAATAATAA 	0.0
DME_WRTGATARSR 	0.0
DME_TTAATTAATTAA 	0.0
DME_MRTKGWAAARAT 	0.0
DME_AYYMATKCHT 	0.0
DME_CAAATTCT 	0.0
DME_AAAAGTTG 	0.0
DME_CATCAAAACTTCAA 	0.0
DME_TTCATCAA 	0.0
DME_CMTYATCA 	0.0
DME_RGWRAAAWGRAA 	0.0
DME_ATCAKTGA 	0.0
DME_AAAACAAMAA 	0.0
gimme_157_MEME_5_w14 	0.0
DME_CAAAAGTT 	0.0
DME_CATACAHACATACA 	0.0
gimme_51_Homer_12_5 	0.0
DME_AMAAKATTSA 	0.0
DME_MTTGATAAMA 	0.0
DME_TTCAVTYAAA 	0.0
gimme_144_MEME_2_w14 	0.0
DME_AAATGAMAAA 	0.0
DME_TTGCAAAA 	0.0
DME_WTAATAATAATMAT 	0.0
gimme_5_BioProspector_w12_5 	0.0
DME_GAAAYYGA 	0.0
DME_CTTCTCAACACAAAAT 	0.0
DME_GAGTAAAA 	0.0
DME_ATTGWAAAGWTH 	0.0
DME_GAAAAAAG 	0.0
DME_WAAMAVGAAAWG 	0.0
gimme_158_MEME_6_w14 	0.0
DME_AATGAAAAAM 	0.0
DME_ATCACAAA 	0.0
DME_TAAAAGCA 	0.0
DME_AAAAGTAAKA 	0.0
DME_AAGAVAGA 	0.0
DME_AATRAAATKAWA 	0.0
DME_GATRADAGWA 	0.0
DME_DGAAARGG 	0.0
DME_WGAAATAATRAT 	0.0
DME_CATTTCAA 	0.0
DME_WGMAARVAAG 	0.0
DME_AGAARAAAMRAW 	0.0
DME_VMTGKMARYA 	0.0
DME_AAAAAATTAAAA 	0.0
DME_GAGAAAATCAGTGATA 	0.0
gimme_128_MEME_6_w14 	0.0
DME_AAAYGAAATA 	0.0
DME_ATYTTTACAAWGAC 	0.0
DME_GAAATTTC 	0.0
DME_RMATYTSCAT 	0.0
DME_AAGAGAAAATCAGTGA 	0.0
DME_GRMVHRARAAWK 	0.0
DME_AWWAATAATAATMATT 	0.0
DME_AGTAATGA 	0.0
DME_CWAAAMAAAT 	0.0
gimme_12_BioProspector_w14_1 	0.0
DME_CAGAATTT 	0.0
DME_TAMAAYGAAA 	0.0
DME_GTAATGAATTAATTAC 	0.0
DME_ATTAWTTAATTAATTA 	0.0
DME_TCAATCAA 	0.0
DME_ACMAWTTSAWAA 	0.0
DME_TGGTCAAAGAGAAA 	0.0
DME_AAATCGAT 	0.0
DME_GSAAAAGW 	0.0
DME_TAATTHGCAR 	0.0
DME_AATKAYMAAT 	0.0
gimme_110_MDmodule_Motif.14.8 	0.0
DME_AAGCAAAGAAGCGCAA 	0.0
DME_AGARAWGARA 	0.0
DME_AATAATCG 	0.0
DME_AGAGAAAATCAGTGAT 	0.0
DME_MAMYMAAATHYT 	0.0
DME_CAAATTGA 	0.0
DME_AAAATGCA 	0.0
DME_AAATAAAGYA 	0.0
DME_AATTGATC 	0.0
DME_AAATAKGAAW 	0.0
DME_CAAWASTTTT 	0.0
gimme_154_MEME_2_w14 	0.0
DME_ATTGAAGA 	0.0
DME_CAARAAAART 	0.0
DME_CATTGTAAAGATAA 	0.0
DME_AAAGWAWTGA 	0.0
DME_SAAATRAAAT 	0.0
DME_TGAAATGA 	0.0
DME_ACAAAAMAAA 	0.0
DME_CTGATAAT 	0.0
DME_TGTTGAGAAGTGAAAA 	0.0
DME_CRWACAAAYW 	0.0
gimme_6_BioProspector_w12_1 	0.0
DME_ATACAHACATACAC 	0.0
gimme_137_MEME_5_w14 	0.0
DME_AAWGGAMRAA 	0.0
DME_DAATTTCAMATT 	0.0
DME_GAGAAAATCWGT 	0.0
DME_SATACAMWDAHA 	0.0
DECOD_Motif1_10 	0.0
DME_AATAAATTAAAT 	0.0
DME_AAAAATAAATTT 	0.0
gimme_62_Improbizer_CATTTCTT 	0.0
DME_RATTATTKCA 	0.0
DME_AAACATACACATAC 	0.0
DME_GTGTAAAA 	0.0
DME_ATGAATGA 	0.0
DME_TAAATAAAGTAATGAA 	0.0
DME_AAATTAAACR 	0.0
DME_TAAAGTAATGAATT 	0.0
DME_TATTATCAAA 	0.0
DME_AAAGTAATGAATTA 	0.0
DME_TAATTTGAAA 	0.0
DME_DGAWGAAAAA 	0.0
DME_GAAATAATRMTT 	0.0
DME_AAAGATAAGAGAGA 	0.0
DME_TTGATAAAAA 	0.0
DME_AGTGATAA 	0.0
DME_TTMTMACAAA 	0.0
DME_CWWTGACM 	0.0
DME_TRMADTRASCRM 	0.0
DME_AAATTCTC 	0.0
DME_AAGATAAGAGAGAATC 	0.0
DME_WVMAGAAAGHAA 	0.0
DME_AAAAGCARMW 	0.0
DME_AAAACTTCAAAT 	0.0
DME_AWTAATAATAATMA 	0.0
DME_DAAAARGWAAAR 	0.0
DME_AAAATAGGGAACGA 	0.0
gimme_127_MEME_5_w14 	0.0
gimme_58_Improbizer_ATTATCAGT 	0.0
DME_AAAGRAAAAA 	0.0
gimme_126_MEME_4_w14 	0.0
DME_GRTRARAGHAAH 	0.0
DME_RDTGAAAAMBWM 	0.0
DME_GTAAAGAYAAGA 	0.0
DME_AAAATAGRAA 	0.0
gimme_4_BioProspector_w12_4 	0.0
DME_AWGASWGART 	0.0
DME_ASWHATACAAAN 	0.0
DME_TAACAAGATTGA 	0.0
DME_ATAACAAATT 	0.0
DME_ATAAAGTAATGAAT 	0.0
DME_TCWWTGKMAMRA 	0.0
gimme_71_MDmodule_Motif.14.9 	0.0
DECOD_Motif1_8 	0.0
DME_GTAAAAAATAGGGAAC 	0.0
DME_RWTRAAKTAATG 	0.0
DME_AATTAATTAC 	0.0
DME_AAAATTATTG 	0.0
DME_TAACAAKAKT 	0.0
DME_GYAWTGAAKKMA 	0.0
DME_RARRRAAGRAAA 	0.0
DME_TAAAAAGG 	0.0
DME_AGAAGTAA 	0.0
DME_AAHAGGAAAB 	0.0
gimme_101_MDmodule_Motif.14.9 	0.0
DME_CAAATTTG 	0.0
DME_CATTMABTMA 	0.0
gimme_70_MDmodule_Motif.14.8 	0.0
gimme_33_Homer_14_2 	0.0
DME_TAAAAAAKAG 	0.0
DME_AAAGTGAT 	0.0
gimme_81_MDmodule_Motif.14.9 	0.0
DME_TTGTAAAGATAAGAGA 	0.0
DME_AYAAAATGAA 	0.0
DME_YCARCAAR 	0.0
DME_AYACAAAMAT 	0.0
DME_DAAGAGARAWKV 	0.0
DME_VACAWRYAMRCR 	0.0
DME_TTTWCAAWVAMM 	0.0
DME_WCADAACAAA 	0.0
DME_KGWTRRTRRTAA 	0.0
DME_KTRAAGATAA 	0.0
DME_AAAATCAGTGATAA 	0.0
DME_GGTCGAATAAAATTAG 	0.0
DME_GTAAAGATAAGAGA 	0.0
DME_AVRWTARTVGTA 	0.0
DME_AAAASAARMAAA 	0.0
gimme_98_MDmodule_Motif.14.6 	0.0
DME_AAAGAAAG 	0.0
DME_GTCAAAGAGAAAATGT 	0.0
DME_ATDMAMATAYAA 	0.0
DME_TTGAAGAA 	0.0
gimme_164_Weeder_2 	0.0
DME_TAGAAATKAM 	0.0
DME_RDMAVTGATAAK 	0.0
DME_TTMAAAAAATTA 	0.0
DME_AATTGAAG 	0.0
DME_AWGTAWTGARTT 	0.0
DME_TAAAAAATAGGGAACG 	0.0
DME_GTTGAGAAGTGAAA 	0.0
DME_AARSAAAAGT 	0.0
DME_AACACAAAATGGTC 	0.0
DME_AYTTTYAAADGT 	0.0
gimme_136_MEME_4_w14 	0.0
DME_ATAAGAGAAAATCAGT 	0.0
DME_TKKCRGYAAR 	0.0
DME_TCAGCAAGTTAACA 	0.0
DME_WGCAWRTKAA 	0.0
DME_AAAAGMAAAA 	0.0
gimme_57_Improbizer_TACTCATCAAATATT 	0.0
gimme_73_MDmodule_Motif.14.1 	0.0
gimme_48_Homer_12_2 	0.0
DME_AAAAGGAA 	0.0
DME_GGKAAART 	0.0
DME_TGAAAATG 	0.0
DME_CRTAYACWTA 	0.0
DME_AATGCAAA 	0.0
DME_SHAAAAAAAG 	0.0
gimme_147_MEME_5_w14 	0.0
gimme_87_MDmodule_Motif.14.5 	0.0
DME_AAGYRAAATT 	0.0
DME_AAAARATGAA 	0.0
DME_MATTAAAAAATRWA 	0.0
DME_AAGAGAAAATCAGT 	0.0
DME_TGAWCGAW 	0.0
DME_AMGATRAGAGAA 	0.0
gimme_172_Weeder_10 	0.0
gimme_91_MDmodule_Motif.14.9 	0.0
DME_TBAYARAAGC 	0.0
DME_AAAACTTCAAATGCGT 	0.0
DME_YAAAARRGAA 	0.0
DME_GCTAATTA 	0.0
DME_TAGGATARTAGTAA 	0.0
DME_TGCAMATR 	0.0
DME_CAACATTT 	0.0
DME_GAGAGACAAAAATT 	0.0
DME_AGAGAAAATCWG 	0.0
DME_SAAAAGTTTW 	0.0
DME_YWRRAAHGRAVA 	0.0
DECOD_Motif6_8 	0.0
gimme_40_Homer_14_4 	0.0
gimme_56_Improbizer_AATGGAAGGAAAA 	0.0
gimme_77_MDmodule_Motif.14.5 	0.0
DME_ACTTCTCAACACAAAA 	0.0
DME_AGATAAGAGAAAATCA 	0.0
DME_AAAGATAAGAGAAAAT 	0.0
DECOD_Motif6_10 	0.0
DME_RRAATTATCA 	0.0
DME_TTTGCAAA 	0.0
DME_ARAGAMKAAAMR 	0.0
DME_TTGAAAAG 	0.0
DME_AYHCATAMAA 	0.0
DME_AATGGAAA 	0.0
DME_WTAAAKTAATGW 	0.0
gimme_155_MEME_3_w14 	0.0
DME_ATAAATAAATAA 	0.0
DME_ATTGCAAT 	0.0
DME_ACTGATAA 	0.0
DME_ACAWMYAMACWD 	0.0
DME_ATAAATTAAATA 	0.0
DME_CAMWSMYMARHK 	0.0
DME_TTAGCAAA 	0.0
DME_WWGAAATGAA 	0.0
DME_AAGTTAACAAGATTGA 	0.0
DME_TWCAAAMATA 	0.0
gimme_148_MEME_6_w14 	0.0
DECOD_Motif4_8 	0.0
DME_ATAATTTYAATA 	0.0
DME_TTGAAAAATT 	0.0
DME_ATCATTTWTAAR 	0.0
DME_AATGAATTAA 	0.0
DME_SWMATACAAM 	0.0
gimme_10_BioProspector_w12_5 	0.0
DECOD_Motif2_8 	0.0
gimme_43_Homer_14_2 	0.0
DME_AWTRWHAARRTMAG 	0.0
DME_TATAAAAKVAAA 	0.0
DME_TDMRYAHACAAA 	0.0
DME_AAGGAHRARR 	0.0
DME_AAATGAAG 	0.0
DME_GATAAAAG 	0.0
DECOD_Motif2_10 	0.0
DME_SAMKTTADMAAR 	0.0
DME_GTTAACAAGATTGA 	0.0
DME_GAATTAATTA 	0.0
DME_GTCAAAGAGAWAAT 	0.0
DME_GAAAGTAA 	0.0
DME_AAGTAWTGAATTAA 	0.0
DME_AATYWKTGAT 	0.0
DME_AAATGAAAAT 	0.0
DME_BAAATAAAGYAA 	0.0
DME_CAAATATC 	0.0
DECOD_Motif4_10 	0.0
DME_ACAATAATAATAATAA 	0.0
DME_AAATAATAATAA 	0.0
DME_SATACACATACAMA 	0.0
gimme_88_MDmodule_Motif.14.6 	0.0
DME_AMSRRWAAATSA 	0.0
gimme_138_MEME_6_w14 	0.0
gimme_7_BioProspector_w12_2 	0.0
DECOD_Motif8_10 	0.0
DME_GCAAATTA 	0.0
DME_AAAMGAWGAR 	0.0
DME_ARHAASKWARCA 	0.0
DME_ACAMACATACACATAC 	0.0
gimme_146_MEME_4_w14 	0.0
DME_AAAATTATTATT 	0.0
DME_AAACTGKAAD 	0.0
DME_AARAAATTWKCR 	0.0
DME_AATRWATTAATTAC 	0.0
DME_TTWKAAAAGYRA 	0.0
gimme_107_MDmodule_Motif.14.5 	0.0
DME_ATYTYTACAA 	0.0
gimme_115_MEME_3_w14 	0.0
DME_MRARAAAWGAAA 	0.0
DME_ARAAAAAGWT 	0.0
DME_GCRGNAAR 	0.0
DME_CAATTGAA 	0.0
DME_GAAAATCAGTGATAAG 	0.0
DME_AACAARAAAA 	0.0
DME_AAATGAAATRAH 	0.0
DME_AAWCATMCAHAB 	0.0
DME_ATGAATTAAT 	0.0
DME_ACAWAHAMAC 	0.0
DME_GAKAARAAAA 	0.0
DME_AAAGTAATGAATTAAT 	0.0
DME_KAAVASWGRARB 	0.0
DME_ATCAATTC 	0.0
DME_TTACTACTATCCTAAA 	0.0
DME_AATTTCAAAT 	0.0
DME_AAAGTAAG 	0.0
DME_HWYAAWCATMCA 	0.0
DME_ACATACAWACATACAC 	0.0
DME_ARAWAARAGA 	0.0
DME_AATAATTGAA 	0.0
DME_ATAAAAYTARAA 	0.0
DME_AGATGAAA 	0.0
DME_AAAGAAGCGCAAAT 	0.0
DME_AGTWRAMAWG 	0.0
DME_AAATKAARTAAT 	0.0
DME_ATWCACATACAMAY 	0.0
DME_GAAAAGTA 	0.0
DME_KMATGARTKAMY 	0.0
DME_AARYAAAAKTAA 	0.0
DME_AASTTAAMAA 	0.0
DME_AAAAAAMGAA 	0.0
DME_TTGSAVDWGRAA 	0.0
DME_AAACTGTA 	0.0
DME_AAATKAAAKG 	0.0
DME_CCAACAGTTTCAAA 	0.0
DME_ATGGAAAA 	0.0
DME_AGAAAGTA 	0.0
DME_AAGTAATGAATTAATT 	0.0
DME_CAAATTTTAA 	0.0
DME_AATTAAAAATTT 	0.0
DME_TAAGCAAA 	0.0
DME_AAAYWTACAY 	0.0
DME_CAAAGAGAAAATGT 	0.0
DME_TCATAAATTA 	0.0
DME_TAAGAGAA 	0.0
DME_AAAAAGATAT 	0.0
DME_ATAAGAGA 	0.0
DME_AACATACACATA 	0.0
DME_AGTWASCA 	0.0
DME_AARAAAGWAA 	0.0
DME_ARATAAGAGAAAAT 	0.0
DME_AAAAAKRASAAA 	0.0
DME_RAATAATAMAAA 	0.0
gimme_168_Weeder_6 	0.0
DME_CAAHKTGATA 	0.0
gimme_9_BioProspector_w12_4 	0.0
DME_GAAAKAATAA 	0.0
DME_AATTGATWARTT 	0.0
DME_AAAARGAAAT 	0.0
DME_DATCAGWRATDA 	0.0
DME_AAGYAATAAA 	0.0
DME_CATTKTWAAK 	0.0
DME_GAGYRAAA 	0.0
DME_STAATWAATKCM 	0.0
DME_CTGGTCAAAGAGAAAA 	0.0
DME_RARACAAATT 	0.0
DME_VWAAGAGAAA 	0.0
DME_AGCAAAAT 	0.0
DME_TCAAACAT 	0.0
DME_VTTACTAYTVWS 	0.0
DME_AABAARMRVAAR 	0.0
DME_AATKAATKWAAA 	0.0
DME_WAAGAGAAAW 	0.0
DME_HWRATTGMSC 	0.0
DME_ACMAAAATTA 	0.0
DME_AAMGATAAGAGAAA 	0.0
gimme_32_Homer_14_1 	0.0
DME_GMWWTGAYAA 	0.0
DME_GCAAAATT 	0.0
DME_TTCTCAACACAAAATG 	0.0
DME_TAAAATGAAT 	0.0
DME_GAAGWAAADA 	0.0
DME_AAATGAAATT 	0.0
DME_AAAAGKAAAA 	0.0
gimme_63_MDmodule_Motif.14.1 	0.0
DME_AATGAAATTT 	0.0
DME_AACATACACATACAAA 	0.0
DME_AATAAATAAATA 	0.0
DME_AAMACAAAWT 	0.0
DME_AAAAAGTAAK 	0.0
DME_MRRTMAGAGARW 	0.0
DME_TGTAAAGWYA 	0.0
DME_AAACAAATTR 	0.0
DME_AAWGAKAAAA 	0.0
DME_WAKCACRAAA 	0.0
DME_TGWAAWKAYAAR 	0.0
DME_TAAKTKCTAA 	0.0
DME_ATGRAAAAWA 	0.0
DME_WTGAAGSA 	0.0
DME_TACAMACATMCACA 	0.0
DME_VAWASATAMAYA 	0.0
DME_SARMCATAYA 	0.0
DME_TGAAAGAA 	0.0
DME_MYTATCAC 	0.0
gimme_25_BioProspector_w14_4 	0.0
DME_TTGAAATDAAAW 	0.0
DME_TYAACAAAAA 	0.0
DME_AWGCAAATAW 	0.0
DME_GTCATTGTAAAGATAA 	0.0
gimme_171_Weeder_9 	0.0
DME_ARWTCWARGAMT 	0.0
DME_GAYRRKTVAA 	0.0
DME_TCTCAACACAAAAT 	0.0
gimme_47_Homer_12_1 	0.0
DME_ATAAAAGTTA 	0.0
DME_YTTDGCAAAA 	0.0
DME_AAATAATTTATY 	0.0
DME_GTAAAGATAAGAGAGA 	0.0
DME_CDTHCAARMATA 	0.0
DME_AAATGTAAAT 	0.0
DME_AAGTGAAA 	0.0
gimme_90_MDmodule_Motif.14.8 	0.0
DME_AATTAATTCA 	0.0
DME_MAAAARGTAA 	0.0
DME_GAAAATCAGTGATA 	0.0
DME_AGTAATGAATTAATTA 	0.0
DME_GAAGAAAA 	0.0
DME_GAAAATGT 	0.0
DME_TCACAAAT 	0.0
DME_AACTGTAA 	0.0
DME_GCATTTAA 	0.0
DME_TAMAMATAMAAW 	0.0
DME_AARMGSWAAWDR 	0.0
gimme_170_Weeder_8 	0.0
DME_TAATGAATTAATTA 	0.0
DME_GAATCGAAAACTGGAA 	0.0
DME_AAATKCYAAA 	0.0
DME_GTTGAGAAGTGAAAAC 	0.0
DME_CAAAGATA 	0.0
DME_WSAAAAGTTT 	0.0
DME_AARATATCKT 	0.0
DME_ATCATCAA 	0.0
gimme_118_MEME_6_w14 	0.0
DME_AATGAATG 	0.0
DME_AAAATGAAAY 	0.0
DME_TAAATAAATAAA 	0.0
DME_TGCTAAAA 	0.0
DME_GAGAAAATCAGTGA 	0.0
gimme_125_MEME_3_w14 	0.0
DME_AATATTTTAATA 	0.0
gimme_85_MDmodule_Motif.14.3 	0.0
DME_AGAAATGA 	0.0
DME_AAAAAGRAAA 	0.0
DME_TTTCACTTCTCAACAC 	0.0
DME_GGAAAAAA 	0.0
DME_SDMRAASTGBAR 	0.0
DME_AKARKAAARG 	0.0
DME_GGTCAAAGAGAAAA 	0.0
DME_AGAVAGAA 	0.0
DME_KAAAKRAKAARA 	0.0
DME_AAARTWTGCA 	0.0
DME_WWAAYRWGATTG 	0.0
gimme_2_BioProspector_w12_2 	0.0
DME_TTCACTTCTCAACA 	0.0
DME_AATAAAATGA 	0.0
DME_ATSAYMAWWG 	0.0
DME_TGAAAKAAAA 	0.0
gimme_114_MEME_2_w14 	0.0
DME_AGTAAAAG 	0.0
DME_GAAAGAAA 	0.0
DME_YAWTAATAATAATAAT 	0.0
DME_GAATKAAAAA 	0.0
DME_AMAATCRSTGAY 	0.0
DME_AAATGAAAAWKT 	0.0
DME_TACAMACATACACATA 	0.0
DME_GGAAATTA 	0.0
DME_DCAMATWSAA 	0.0
DME_GAATCAGTGATAAG 	0.0
DME_AATATTGAAA 	0.0
DME_AACACAAAATGGTCAA 	0.0
gimme_134_MEME_2_w14 	0.0
DME_AAAGMAAAAT 	0.0
DME_TGAAAAVC 	0.0
DME_AAGHRAAGAA 	0.0
DME_AAASAWATMTTT 	0.0
DME_GATAAKAAAA 	0.0
gimme_156_MEME_4_w14 	0.0
DME_TAATTGAAAA 	0.0
DME_TAAAAATGTT 	0.0
DME_TGCAAATA 	0.0
DME_ARMAAAATGA 	0.0
DME_AGAGAAAA 	0.0
gimme_78_MDmodule_Motif.14.6 	0.0
DME_WAATTTGRAATT 	0.0
DME_TAAGCTAA 	0.0
DME_AAAATAAATTTT 	0.0
DECOD_Motif3_10 	0.0
DME_KGAWAATAAAAT 	0.0
DME_AAARAKAAGA 	0.0
DME_MTTACTAYTA 	0.0
DME_AAAKTAATRAMA 	0.0
DME_AGAARAAAMR 	0.0
DME_DAAAAGSAAA 	0.0
DME_AAAATKSAAAAT 	0.0
DME_AAAATAATTTAT 	0.0
DME_ARARSAAAAG 	0.0
DME_AVGAAAGK 	0.0
DME_AAWGAAKAAA 	0.0
DME_VATYGATC 	0.0
DME_HWTGAKCAAA 	0.0
DME_GGAAAADG 	0.0
DME_GAAATGAA 	0.0
DME_TGATAAKAAM 	0.0
DME_ATAATAATAATA 	0.0
DME_RAAAAAAAGW 	0.0
gimme_93_MDmodule_Motif.14.1 	0.0
DME_AAAAAWAGWATT 	0.0
gimme_135_MEME_3_w14 	0.0
gimme_45_Homer_14_4 	0.0
DME_AAGATGAA 	0.0
DME_AAGWAWTGAA 	0.0
DME_TAATTAATTAAWTA 	0.0
DME_WCARWGAKAA 	0.0
DME_AATAAAGTAATGAATT 	0.0
gimme_17_BioProspector_w14_1 	0.0
DME_AGWAATAMAA 	0.0
gimme_112_MDmodule_Motif.14.10 	0.0
DME_AATGMAATRA 	0.0
DME_ACAAAATG 	0.0
DME_TRAAATGAMA 	0.0
gimme_145_MEME_3_w14 	0.0
gimme_97_MDmodule_Motif.14.5 	0.0
gimme_102_MDmodule_Motif.14.10 	0.0
DME_AAAAATGRAA 	0.0
DME_AAAASYGDAA 	0.0
DME_CATACAAA 	0.0
DME_ATGTMRCA 	0.0
DME_AGATAAGA 	0.0
DME_TAAATAAAGTAATG 	0.0
DME_GAGAAATT 	0.0
DME_AGAAAGAA 	0.0
DME_TTAAAATGAT 	0.0
DME_TAAATAAAAATA 	0.0
DME_ATATTGAAAT 	0.0
DME_YAATGAHMMA 	0.0
DME_CMAACABTKT 	0.0
DME_AAAAATTAAAAA 	0.0
DME_AAAATCAGTGATAAGG 	0.0
DME_AVKWTSCTAAAT 	0.0
gimme_169_Weeder_7 	0.0
DME_AAGATAAGAGAAAATC 	0.0
gimme_95_MDmodule_Motif.14.3 	0.0
DME_GTAATGAA 	0.0
DME_GCAATAAT 	0.0
DME_WCRTACAMWT 	0.0
DME_AAGTGAAAACCTCTAA 	0.0
DME_CTTCAATA 	0.0
DME_AGAAAATCAGTGATAA 	0.0
DME_TRAAAAAATWTG 	0.0
gimme_61_Improbizer_ACAATGAAA 	0.0
DME_ATGAAAYAAA 	0.0
DME_HAAACTKMAAAA 	0.0
DME_KCWGSWADTTAW 	0.0
DME_CAAATCTT 	0.0
DME_GAAATAAAAK 	0.0
DME_AATTGCAA 	0.0
DME_ATAAGAGAGAATCAGT 	0.0
DME_AATTSASC 	0.0
DME_AATKAATGRA 	0.0
DME_AAGTTAACAAGA 	0.0
DME_AAAGTAAKAA 	0.0
DME_SARAAGWARA 	0.0
DME_CATACAMACATACACA 	0.0
DME_TKAAATRAAATK 	0.0
DME_CAAAATTAAT 	0.0
