1203 feature  	 square of weight value
DME_CATAATTAAT 	0.000250294625381
DME_CAAAATGA 	0.000244688517757
DME_DKAAARSKRG 	0.000177442598137
DME_CATTAATTAA 	0.000171924355841
DME_ATAAAAGC 	0.000153457745473
DECOD_Motif3_8 	0.00014427686185
DME_TAATTTCAAA 	0.000142092364871
DME_MTGAGTTAAW 	0.000132077628721
gimme_36_Homer_10_3 	0.000126388316231
DME_AAATTATTGA 	0.000116234568773
DME_AAATTTRAATTA 	0.000111791306616
DME_YYAGATGA 	0.000102018115285
DME_SGKTKAAA 	0.00010162997048
DME_AGMAAAGT 	9.93401641502e-05
DME_AGCAADKC 	9.80891230505e-05
DME_CAYATSCA 	9.72188107466e-05
gimme_59_Improbizer_TAAATATGTGATAC 	8.48681395146e-05
gimme_78_MDmodule_Motif.14.4 	8.24423089963e-05
DME_CKAAATTTMA 	8.17728485979e-05
DME_MAGARRTRAY 	7.87308730857e-05
DME_AAGSGWAA 	7.75400391037e-05
DME_RMAATAWTAATAAW 	7.71631224552e-05
DME_TGAAWTGC 	7.32226644579e-05
gimme_84_MDmodule_Motif.14.10 	6.96380398177e-05
DME_YTYGAADRAK 	6.65143375541e-05
DME_ATTAAGGTAAAGTT 	6.34354814714e-05
DME_KWMTKAMTGVAA 	6.24354541891e-05
DME_GAAASGRA 	5.89602036996e-05
gimme_169_Weeder_5 	5.86871317911e-05
DME_ATAATTGATA 	5.81843047614e-05
DME_CTTTTAAAAA 	5.7702987855e-05
DME_GAAATAGT 	5.51875262861e-05
DME_TYMTTCKWGM 	5.44002387493e-05
DME_TGAATTAAAT 	5.08429525689e-05
DME_GCAAKTYA 	4.63414577273e-05
DME_AGCAAGAAATATAA 	4.61223583066e-05
DME_TCAATAATACCATA 	4.51201002861e-05
DECOD_Motif7_8 	4.3398047369e-05
DME_AAACADAAYAMAAM 	4.3134405003e-05
DME_TTGTAAAYGAAC 	4.14837152626e-05
DME_AAACAAAGATCAAA 	3.97936932103e-05
DME_GAMAGCMH 	3.94717864627e-05
DME_RCWDYWACARYA 	3.91512356162e-05
DME_TACTATAATAGTAA 	3.87267362465e-05
DME_WTGWAATTTKYHAA 	3.78444436862e-05
DME_MAWTMATKATKR 	3.76499702266e-05
DME_TGATCAKA 	3.68301305006e-05
DME_TTWAAWDGAATTAA 	3.6422530368e-05
DME_ATATRAAAAG 	3.58455139144e-05
DME_TRAACGAM 	3.53526486733e-05
DME_GVAADAGRAMKW 	3.50778637897e-05
DME_ATGATTAAATATGC 	3.33621131482e-05
DME_ACDGCAMT 	3.24281175591e-05
DME_AAATTCACAAAAAT 	3.20603283619e-05
DME_TGATMARAAA 	3.05060131551e-05
DME_GGDWTGAA 	2.98745321411e-05
DME_TMMYWTMAAG 	2.92391933192e-05
gimme_166_Weeder_2 	2.84291530975e-05
DME_GATAACTT 	2.80910039634e-05
DME_RAAACBTG 	2.78524053661e-05
DME_AATAACGATAATRA 	2.67952429294e-05
DME_TCAAGAAT 	2.63151011258e-05
DME_TAATAATAATAACAAA 	2.59011279306e-05
DME_CATCATTA 	2.52420950912e-05
DME_ATAATTKGAAWTKW 	2.46502239626e-05
DME_CGAATGAGTTAAAATT 	2.45703031475e-05
DME_GSAAAATKTT 	2.44137949285e-05
gimme_162_MEME_8_w14 	2.40901755354e-05
DME_AWGCAACAACAA 	2.36495019846e-05
DME_GCAAAAATAAATGT 	2.34679866053e-05
DME_ASYATMATTA 	2.34406242667e-05
DME_WTKAAAAATTGT 	2.28751303619e-05
DME_TAAAGCAGAAAG 	2.28699938276e-05
DME_GTTATCAA 	2.20928245112e-05
DME_AAATAYRSNSAA 	2.17315026678e-05
DME_AATGATGA 	2.09681456639e-05
DME_AGCAAARK 	2.07202156518e-05
DME_ATGAGTTAAAATTC 	2.06966968768e-05
DECOD_Motif10_10 	2.05844871582e-05
DME_RATGGAAKYR 	2.04835497901e-05
DME_TACAARATGTCATT 	2.03160639556e-05
DME_AAWAMAAVAAARRT 	2.00638939947e-05
DME_TCATTCGAGAATSAAT 	1.97942705205e-05
DME_GWAACWGA 	1.95129697026e-05
DME_KAAAAAAAAG 	1.90480263979e-05
DME_ACAACAAT 	1.89768235183e-05
DME_ATGGAANG 	1.8655548332e-05
DME_TAAGCAAA 	1.79249359378e-05
DME_CACTAAAA 	1.79151066472e-05
DME_AGTWGCAY 	1.78107492526e-05
DME_ATGTTCAA 	1.78048291668e-05
DME_MAAAKAGMRRAA 	1.74063235638e-05
DME_ATTCGAGAATSA 	1.7027047916e-05
DME_ATGARWRTAAAT 	1.68633326403e-05
DME_GTKTAMWKKAAR 	1.68036066213e-05
DME_AAAATGAATT 	1.65419228621e-05
DME_KAATMAMRATAATR 	1.64362578532e-05
DME_KAAATTACAY 	1.62487372568e-05
DME_TAAAATATTTAA 	1.61975891616e-05
DME_AATGAAAG 	1.61128325247e-05
DME_CGAATGAGTTAAAA 	1.57624938877e-05
DME_CCATAAAA 	1.55272744228e-05
DME_TTCTCMAWAT 	1.54817751112e-05
DME_RAAAKAGTRSHR 	1.52115004949e-05
DME_GTGAAAAGMATA 	1.4906930122e-05
DME_AATTCATCWAAAAT 	1.48666772626e-05
DME_KGAAHGDMAG 	1.47637887727e-05
gimme_34_Homer_10_1 	1.46898510304e-05
DME_AAAATGTG 	1.43902861436e-05
DME_RCAACAACAACAACAA 	1.41341428788e-05
DME_GSWAAAKKDKRR 	1.40355351684e-05
DME_KCRGRARG 	1.35791414614e-05
DME_ATYYKGMAVTAAAA 	1.31919376883e-05
DME_AAATTAAATTAT 	1.28339860482e-05
DME_TMATGACM 	1.28339860482e-05
DME_RCAAYAACAAYARC 	1.26494587894e-05
DME_TAATACCATAATAT 	1.26410264118e-05
gimme_76_MDmodule_Motif.14.2 	1.25537020478e-05
DME_TAATSAWTGA 	1.24410684168e-05
DME_ACAATGGAAGTW 	1.24226036605e-05
DME_ATTCATGAATATCA 	1.23883422807e-05
gimme_140_MEME_6_w14 	1.22531977627e-05
DME_TAATAATAATAATAAT 	1.21610560639e-05
DME_GATSDAAG 	1.20925567629e-05
DME_ATTCAATTTAATTCAA 	1.20093675538e-05
DME_AATAATAAATAA 	1.17666529391e-05
DME_TTAAGCAA 	1.14697169037e-05
DME_TATGAGAA 	1.14260268592e-05
DME_KYTKAAAWRRADGA 	1.12789425997e-05
DME_ATRAGRAATDAT 	1.09744757528e-05
DME_ATGAGTTAAAATTCAT 	1.05905040549e-05
DME_AACAATAACAATAACA 	1.04682527347e-05
DME_AAGAAATG 	1.04682527347e-05
DME_GAATTAATTA 	1.0462818411e-05
DME_GAGMAMKA 	1.03709288156e-05
DME_TAATGGAAKTGA 	9.83401947015e-06
DME_TTTTAAAAAATTTCAA 	9.51798517547e-06
DME_GCTMAKAA 	9.4852017771e-06
DME_MKGSATKCAD 	9.27175070738e-06
DME_ADMTCMKKCS 	9.03918317618e-06
DME_TARTAAAAAG 	8.79822124444e-06
DME_ATAATAATAAATAAAT 	8.70874787457e-06
DME_MTGAAATAAA 	8.70657017451e-06
DME_AATRTGAAAA 	8.68878038703e-06
DME_AASSRWAMGR 	8.66396359092e-06
DME_ACATGATA 	8.55746825478e-06
DME_CAAAATTG 	8.46712347138e-06
DME_ATAATGATGGTAAT 	8.46712347138e-06
DME_CAAGAAATATAAAT 	8.46712347138e-06
DME_TCCATTAA 	8.42420173006e-06
DME_TCATCTAA 	8.42369648702e-06
DME_TAAAATKRAATK 	8.36005432639e-06
DME_CCATTAAT 	8.32619163652e-06
DME_AAATAAAATTAT 	8.25211830151e-06
DME_CKARAATSRM 	8.12879365577e-06
DME_ACAGTAAT 	8.0516371865e-06
DME_TACGAAATAATAAA 	8.03791645385e-06
DME_TAATTCATAAATTA 	7.8945271479e-06
DME_AMACTRADAA 	7.88353427533e-06
DME_ACAAMAAATT 	7.64408512219e-06
DME_ACTTGAAA 	7.54577876274e-06
DME_ACAGAATT 	7.51650237392e-06
DME_TTCATGAA 	7.50525262821e-06
DME_MAACWACWAH 	7.48690151733e-06
DME_ATTCACAAAWATGT 	7.40816772066e-06
DME_MRAARMRMGAARRA 	7.18074203697e-06
DME_GMGAAAYT 	6.88439584925e-06
DME_TCAATTGA 	6.80886695719e-06
DME_ACAATAACAATAAC 	6.76066688661e-06
DME_AGGAAATT 	6.67072816182e-06
gimme_35_Homer_10_2 	6.47812566368e-06
DME_TCAWAATKAM 	6.45999197286e-06
DME_KTCAAGAM 	6.1732498502e-06
DME_AATTAAATTTAA 	6.10686613616e-06
DME_TTAGCTAA 	5.87195040807e-06
DME_ARATGAAAGTAAAT 	5.74806410512e-06
DME_AWYAAATTGRATTA 	5.66784178453e-06
DME_ATTTTAYAAAAAAT 	5.63043899551e-06
DME_TTAAAATGAA 	5.6000390887e-06
DME_ATGGAATA 	5.28478719968e-06
DME_AAATYYSAAC 	5.19647808109e-06
DME_WAGCAAAS 	5.1959582632e-06
DME_ATCATTTAAA 	5.11356639125e-06
DME_RAAGARAGAW 	4.90688521713e-06
DME_AAAATATTGA 	4.87493542311e-06
DME_AAATATCAATTTCA 	4.81958224418e-06
DME_TAAATAAACTTTAC 	4.66964451327e-06
DME_GAGAATGAATTTTAAC 	4.65225975766e-06
DME_TACACTTA 	4.60040605487e-06
gimme_73_MDmodule_Motif.14.9 	4.60040605487e-06
DME_AAAATTCATCAAAA 	4.60040605487e-06
DME_KAATTAATTAAT 	4.55503265506e-06
gimme_176_Weeder_12 	4.4512072917e-06
DME_WYATTTCAARTA 	4.29890507205e-06
DME_AATATGGMGAAA 	4.25362985931e-06
DME_TATTGAAAAT 	4.21742470462e-06
DME_ACATTGAA 	4.02763597295e-06
DME_AMCAGRAA 	3.74467281186e-06
DME_AMATATTYCA 	3.71815752267e-06
DME_CAATTTCA 	3.71815752267e-06
DME_ACWAAATKTC 	3.5975715359e-06
DME_ARATGAAAAA 	3.48849926909e-06
DME_AAAATRATAATT 	3.20684000524e-06
DME_AYTMGYACAA 	3.0187053323e-06
DME_ATTMATAAATTA 	2.72652420747e-06
DME_CWAAATTTSA 	2.72140399765e-06
DME_GAAATCTT 	2.69617995148e-06
DME_AATTCATTCTCGAA 	2.67963726421e-06
DME_ATGTAATATGCATA 	2.67437821363e-06
DME_AGATAATATT 	2.59273220391e-06
DME_ACCATAATTATTGC 	2.59273220391e-06
DME_CAGTAATT 	2.47960638125e-06
DME_AATWAARCAA 	2.47764761266e-06
DME_AMWACRACWA 	2.22781332069e-06
DME_TTAAWTTAAATTTGAA 	1.97363178697e-06
DME_ATTAAATTAC 	1.85668557113e-06
gimme_150_MEME_6_w14 	1.69016672165e-06
DME_WRAAATGATAAT 	1.59481789168e-06
DME_TAATAATAAC 	1.4904538546e-06
DME_CTGMAATTWT 	1.41230423802e-06
DME_TAATGAACAATTAA 	1.39238259501e-06
DME_TGAATTCA 	1.32507089117e-06
DME_AAATGAGTTAAT 	1.13616017214e-06
DME_CARTAATTKA 	5.54201761427e-07
DME_AAATTTAAAATT 	0.0
DME_TGAGTTAAAATTCA 	0.0
DME_CATGCATTTAYA 	0.0
DME_AMKSAGTTAA 	0.0
DME_CCAAAWAATTTTAA 	0.0
DME_WTAAKAATAATATA 	0.0
DME_TTAAAGAG 	0.0
DME_GATAASAAWA 	0.0
DME_CAATAAATTT 	0.0
DME_TAATATTAATAACA 	0.0
DME_AAATAGTTTA 	0.0
DME_AWAATWAAAACA 	0.0
DME_STTTAAATAAAART 	0.0
gimme_49_Homer_14_1 	0.0
DME_AGMATKARMW 	0.0
DME_AAATTTTCAA 	0.0
DME_CAATAATACCATAATA 	0.0
DME_AAAAACAAATGTGT 	0.0
DME_AAATAACAACTAAT 	0.0
gimme_173_Weeder_9 	0.0
DME_ATATGCATATTACA 	0.0
DME_YAAKKKMAGT 	0.0
DME_AWGAAATGMWMDWA 	0.0
DME_AATGRAATBAVA 	0.0
DME_AGGAAATTWTTCAA 	0.0
DME_ATTAAATAAATY 	0.0
DME_TAAGCAAAATGATA 	0.0
DME_TGTTTAWATAAA 	0.0
DME_CATTTTCCAAWG 	0.0
DME_TMARTTTCAA 	0.0
DME_TACAAAATTT 	0.0
DME_AAAAGCAA 	0.0
DME_AGAATGAATTTTAACT 	0.0
DME_AACAATAATTATTGTT 	0.0
DME_TGABTTAAAA 	0.0
DME_ATCAATAATT 	0.0
DME_AAATKATATAAAAA 	0.0
gimme_1_BioProspector_w12_1 	0.0
DME_AATTKSAAST 	0.0
DME_AAATTCACAAAAATGT 	0.0
DME_GATGAAAT 	0.0
DME_GAATGAGTTAAAAT 	0.0
gimme_37_Homer_10_4 	0.0
DME_GCAAAATT 	0.0
DME_TTKGAAAYKA 	0.0
DME_AATDTTTWASAAAA 	0.0
DME_TAATGCAACAACAACA 	0.0
DME_TAAAAATTGT 	0.0
DME_ATAGTTAAAAAAAT 	0.0
DME_ATTATAACAA 	0.0
DME_RATGAAAWRTTRTY 	0.0
DME_AAAATGGA 	0.0
DME_AAATATTCCATAAT 	0.0
DME_ATATATGCATATTA 	0.0
gimme_26_BioProspector_w14_3 	0.0
DME_AATTTGAATTAAAT 	0.0
DME_AAGAMACK 	0.0
DME_KRAATTCAAA 	0.0
DME_CAATTTAATTCAAATT 	0.0
DME_AAAAGTTG 	0.0
DME_TAATGCAACAACAA 	0.0
DME_ACRWTRRAAK 	0.0
DME_CAATAACAATAACA 	0.0
DME_GAATGAGTTAAAATTC 	0.0
DME_AMTGAGTTAAWATT 	0.0
gimme_75_MDmodule_Motif.14.1 	0.0
DME_TCAATTTAATTCAA 	0.0
DME_ATCAAAAATT 	0.0
DME_TCAATAATACCATAAT 	0.0
DME_CGAAATAATAAATT 	0.0
DME_MATKAAAKAA 	0.0
DME_CTCGAATGAGTTAAAA 	0.0
DME_ATTCATCAAAAATT 	0.0
DME_ATAAACTTTACCTTAA 	0.0
DME_ADAGAAATBAAT 	0.0
DME_AAAAATTTTAAA 	0.0
DME_ARRAAAAAGRMAKY 	0.0
DME_AAKAAAGAAR 	0.0
DME_RAAACARAAT 	0.0
DME_MAWYWACMAYAR 	0.0
DME_TAATAAHAACMA 	0.0
DME_AAATAAACTTTACCTT 	0.0
gimme_172_Weeder_8 	0.0
DME_AAAMAAGAAA 	0.0
DME_AATTCACAAAAATGTT 	0.0
DME_AATTCAAAWRAT 	0.0
DME_AAAAKAGAAA 	0.0
DME_AATAATAATAAATAAA 	0.0
DME_ATAAATAAATGATA 	0.0
DME_GCAAATTA 	0.0
DME_CAAAAATTTT 	0.0
DME_GAAATTAATT 	0.0
DME_AAATTGAAAT 	0.0
gimme_5_BioProspector_w12_5 	0.0
DME_AAAAAASAST 	0.0
DME_AATAATATTAATAACA 	0.0
DME_AAATAAACTTTACC 	0.0
DME_ATAAGAATTA 	0.0
DME_AATTCATC 	0.0
DME_GAWWAAATAAAWMA 	0.0
DME_AATAAACTTTACCTTA 	0.0
DME_GTTACAAT 	0.0
DME_AAATGACA 	0.0
DME_CTTTAAATAGAAAA 	0.0
DME_TCCAAAAT 	0.0
DME_ASTTTATAAARATT 	0.0
DME_ATATTAWTAMWATS 	0.0
DME_GAAGTAAT 	0.0
DME_CDTGHAMAAYYT 	0.0
DME_AATTTTTYAAAA 	0.0
DME_AAATTTGAATTAAATT 	0.0
DME_AAARATGAAA 	0.0
DME_AWYTAAWCCR 	0.0
DME_AAWTTACAST 	0.0
DME_TCAAATAAAT 	0.0
DME_TCAATTTAATTCAAAT 	0.0
DME_GSDAAAKG 	0.0
DME_GATAATAATT 	0.0
DME_AATAAATAAATA 	0.0
DME_MRATTTCAAT 	0.0
gimme_89_MDmodule_Motif.14.5 	0.0
DME_TCCAAAWAATTTTAAA 	0.0
DME_ATTATTGAAA 	0.0
DME_TTMAAGAAAA 	0.0
DME_TTTCAATAATACCATA 	0.0
DECOD_Motif10_8 	0.0
DME_ATAAATTTAAAA 	0.0
DME_CMMAAATG 	0.0
DME_GAAGAAAGAAGA 	0.0
DME_RAATKARTTAAW 	0.0
DME_AAMAATWAYWATAA 	0.0
DME_AATTAATGATYAAT 	0.0
DECOD_Motif1_8 	0.0
DME_ATAAAAWKTTCA 	0.0
DME_TATATGAAAT 	0.0
gimme_174_Weeder_10 	0.0
DME_AMAATAATAATAATAA 	0.0
DME_AATGCAACAACAACAA 	0.0
DME_AAATTTGAAT 	0.0
DME_TTGAAAATTA 	0.0
DECOD_Motif8_10 	0.0
DME_AAYHWYWAYAAC 	0.0
DME_MTAATAATAATAACAW 	0.0
DME_YWAYWAYAAYMACA 	0.0
DME_AAYAAMAACWRA 	0.0
DME_GMTAATAKAATT 	0.0
DME_ATATTTACAA 	0.0
DME_ACARCAAY 	0.0
DME_ATTTTCAAMM 	0.0
DME_AATTAAATTSRATT 	0.0
DME_ACRKTGAA 	0.0
DME_CAAGAAMWAWRR 	0.0
DME_AATAGTTAAAAAAA 	0.0
DME_GCAATAAT 	0.0
DME_GAAATRWTATTWAA 	0.0
DME_CCATAATTATTGCA 	0.0
DME_GAGAATGAATTTTA 	0.0
DME_GRARTSAWDTMAAA 	0.0
DME_ACAGATAT 	0.0
DME_TCAACAACAACA 	0.0
DME_AAGCATTA 	0.0
DME_AACAATAACAATAA 	0.0
DME_AAAAGTTTAA 	0.0
DME_TGAAAAATTT 	0.0
DME_AGCWRAAATR 	0.0
DME_AGAAAGAA 	0.0
DME_AAACTTTACCTTAA 	0.0
DME_AATTTYAAMTYA 	0.0
DME_TAAAAATAATAA 	0.0
DME_TTAACTCATTCGAGAA 	0.0
DME_AAATGAAMTK 	0.0
DME_TGAATGAAAGTCGA 	0.0
DME_ATAATAATAATWAATA 	0.0
DME_AATAATACCATAAT 	0.0
DME_AAMTTAAAWAATAT 	0.0
DME_ATTAAATTGAATTAAA 	0.0
DME_AGAAAMTTKA 	0.0
DME_GMAATTYAAT 	0.0
DME_RATGGAAK 	0.0
DME_AAAATRAMBAAATA 	0.0
DME_KMVTSCARAAYY 	0.0
DME_AATTTCCGGAAATT 	0.0
DME_ARMAAATAGA 	0.0
DME_TTYWRARMATTTCA 	0.0
DME_ATTAATGVWMAA 	0.0
DME_CAAAATTTTA 	0.0
DME_AATTAAATTG 	0.0
DME_TTTAAAAACT 	0.0
DME_AAATGAATTT 	0.0
DME_AAMAACRAARAR 	0.0
gimme_6_BioProspector_w14_1 	0.0
DME_GAAAAAGAAAGAAAAA 	0.0
DME_AAMRGRAASARA 	0.0
DME_AYTTKWAAAATGAA 	0.0
DME_TGAAAYAAAA 	0.0
DME_TTGCTAAA 	0.0
DME_HMTKATCAAA 	0.0
DME_GWAATTTWYAAA 	0.0
DME_AAAGATAAMT 	0.0
DME_WSAAAYAATWCT 	0.0
DME_TAAACATGTTTAAA 	0.0
DME_AAAKGARTTA 	0.0
DME_YRADTKARTTAA 	0.0
DME_AATAATACCATAATAT 	0.0
gimme_43_Homer_12_5 	0.0
DME_ATGAAAAATT 	0.0
DME_ATTAAATTTRAATKWA 	0.0
DECOD_Motif1_10 	0.0
gimme_42_Homer_12_4 	0.0
DME_AAATGATAAGTGAT 	0.0
DME_AATTTCRAAR 	0.0
gimme_61_Improbizer_ATGGAATGAA 	0.0
DME_AKAAMAATAAYAATAA 	0.0
DECOD_Motif9_8 	0.0
DME_RWAAYAAWAACAWW 	0.0
DME_DAAACADAAYAMAA 	0.0
gimme_146_MEME_2_w14 	0.0
DME_YAAYAAYAATWAYAWW 	0.0
DME_AATATRATKTRWAA 	0.0
DME_AAATTTTTYAAA 	0.0
DME_AAATAAATAAAT 	0.0
DME_AAATTCATCAAAAA 	0.0
DME_YAAARAYRAAAA 	0.0
DME_TAAATTTGAATTAA 	0.0
DME_GAAWTGAAAW 	0.0
DME_AAVATTWCCT 	0.0
DME_CGAGAATGAAWT 	0.0
DME_TATTATCAAA 	0.0
DME_AAGTAAMTAA 	0.0
DME_TAATTTGAAA 	0.0
DME_AAATAAMAMC 	0.0
DME_CMARAAAAKTTT 	0.0
DME_AAAAATATTC 	0.0
DME_AATGGATTAAATTA 	0.0
DME_ATAAAAATTG 	0.0
DECOD_Motif5_8 	0.0
DME_GAATTAAATTSRAT 	0.0
DME_AAYAAMRACW 	0.0
DME_AATTAATTAATTCA 	0.0
DME_ATAAGAAATGATAA 	0.0
DECOD_Motif3_10 	0.0
DME_DGRAATSRWWTAAA 	0.0
DME_RAAAATAAATKT 	0.0
DME_AAAAAGGAAATGTT 	0.0
DME_GAAAATTTTA 	0.0
DME_HATTYAAATYTAAT 	0.0
gimme_132_MEME_8_w14 	0.0
DME_RAGDAATGAT 	0.0
DME_AATAAATAAATGAT 	0.0
DME_TAAAATTCATTCTCGA 	0.0
DME_ATAAATAAACTTTA 	0.0
DME_ATMAATAAAATATT 	0.0
DME_AAKWTKTSAAAATT 	0.0
DME_TGAAAGATAATTTG 	0.0
DME_GATGAAAA 	0.0
DME_AAAATTTTAAAT 	0.0
DME_GAGAAATT 	0.0
DME_TTAATAACAATMAT 	0.0
DME_RAWTTAAAYTTRAA 	0.0
DME_WAAYAAAAAC 	0.0
DME_AAACAAAAACAAAA 	0.0
DME_ATAAAATATTTA 	0.0
DME_TAAAATTCAT 	0.0
DME_AWTMTWTGAAAT 	0.0
DME_AAAATGAAMT 	0.0
DME_AAATTTAAATTA 	0.0
DME_GACATAAT 	0.0
DME_ATAATACCATAATA 	0.0
DME_TGACAWCM 	0.0
DME_GTATAAAATT 	0.0
DME_GAGTTAAAATTCATTC 	0.0
DME_TTAAAGGAAATCTA 	0.0
gimme_21_BioProspector_w14_3 	0.0
DME_AAATATTATC 	0.0
DME_ATTCATAAAT 	0.0
DME_GAAAAAGAAAGAAA 	0.0
DME_ATAATAGTAA 	0.0
gimme_96_MDmodule_Motif.14.2 	0.0
DME_AAATTCATCAAAAATT 	0.0
DME_YGCAMKTA 	0.0
DME_TTYAAAATGR 	0.0
DME_ATGAMAGM 	0.0
DME_ATTTACAC 	0.0
DME_ATTYATMAATTAAA 	0.0
DME_AWCMAAWACA 	0.0
gimme_71_MDmodule_Motif.14.7 	0.0
DME_CAAATAAATR 	0.0
DME_AATAATGAAT 	0.0
DME_AAAAAATGTT 	0.0
gimme_114_MDmodule_Motif.14.10 	0.0
DME_RATAAMARYAAWAA 	0.0
DME_MASAARAWTG 	0.0
DME_AAATTTATCAAATA 	0.0
DME_MRTTAAATTTRAAT 	0.0
gimme_106_MDmodule_Motif.14.2 	0.0
DME_GAACAMAK 	0.0
DME_ATTTTTAAAAAA 	0.0
DME_TATTAATAACAATAAT 	0.0
DME_AAGGTAAAGTTTAT 	0.0
DME_KTWYACWGYA 	0.0
DME_GWAWGGAA 	0.0
DME_BAAGAAABGA 	0.0
DME_GAARTRATRATW 	0.0
DME_CAAATTTG 	0.0
DME_ATTGTAAATATTAA 	0.0
DME_TAAAATCTAAAAAA 	0.0
DME_VAWAATAAAAAC 	0.0
DME_AWGARDTAAAARAT 	0.0
DME_GAAATGAHRA 	0.0
gimme_81_MDmodule_Motif.14.7 	0.0
DME_RARARGWMWGAWWA 	0.0
DME_TTTAAAAATTTTTAAA 	0.0
gimme_86_MDmodule_Motif.14.2 	0.0
DME_TTGAAAAATT 	0.0
DME_ATAAMAATMATA 	0.0
DME_TTTCAAWAATACCA 	0.0
DME_ARAAAMWAGMAA 	0.0
gimme_28_BioProspector_w14_5 	0.0
DME_AACMATAATTAW 	0.0
DME_ACTTTAAATARAAA 	0.0
gimme_130_MEME_6_w14 	0.0
DME_AATTGWTCATTAAT 	0.0
DME_AAYTTSAAATTA 	0.0
DME_GAAATGAT 	0.0
DME_GAAMGRAARM 	0.0
DME_GCAATTTA 	0.0
gimme_44_Homer_14_1 	0.0
DME_MATTRATAAC 	0.0
gimme_171_Weeder_7 	0.0
DME_AAAATTCATCAAAAAT 	0.0
DME_TAATAGTAAA 	0.0
DME_AAAAATAAATGTAW 	0.0
DME_TRAAATGAAA 	0.0
DME_TGRDAGCA 	0.0
DME_GATAAGAA 	0.0
DME_ARWAATTAAATTTA 	0.0
DME_TAATWATGAATGAA 	0.0
DME_GAAWMATTWAWTTT 	0.0
DME_ATAATAACGATAAT 	0.0
DME_ATCAGAGATKAT 	0.0
DME_TAGAATTAAATTTA 	0.0
DME_AASARAAAAT 	0.0
DME_WHGAAAYGAA 	0.0
DME_AATTAATTAAAA 	0.0
DME_CAATTGWTAW 	0.0
DME_AAAGAAAG 	0.0
gimme_98_MDmodule_Motif.14.4 	0.0
gimme_11_BioProspector_w14_1 	0.0
DME_AAAAAGTTAT 	0.0
gimme_48_Homer_14_5 	0.0
DME_RTGACASCAATA 	0.0
DME_TNAAATATGC 	0.0
DME_ATRVRTKYAAAA 	0.0
gimme_167_Weeder_3 	0.0
DME_TTTWRAAATRARAT 	0.0
DME_CARAAAAKTTYA 	0.0
DME_AATTGAAG 	0.0
DME_AAAAATTTTG 	0.0
DME_TTTCAAAC 	0.0
DME_YGAAATKAAA 	0.0
DME_AAAAATAAACTG 	0.0
DME_RAAATTYSAACW 	0.0
DME_ARTMATGATT 	0.0
DME_AAMTTSGWAS 	0.0
gimme_113_MDmodule_Motif.14.9 	0.0
DME_TAAATATAAAAA 	0.0
DME_ATAGTGGTAATAAA 	0.0
DME_RAAWTAMTWAATTM 	0.0
DME_TYTCAAAATY 	0.0
DME_AATTTAAAATTA 	0.0
DME_ATTCAMAAAA 	0.0
gimme_117_MEME_3_w14 	0.0
DME_TAAATTTTAAAA 	0.0
DME_ACATATTAATATGT 	0.0
DME_TATTAATAACAATA 	0.0
DME_MACAACAA 	0.0
DME_ATTAAGGTAAAGTTTA 	0.0
DME_AACAGAAT 	0.0
DME_AAAVAAAGAT 	0.0
DME_GAAAGATTACTTAA 	0.0
DME_ATAATAATAACAAA 	0.0
gimme_87_MDmodule_Motif.14.3 	0.0
DME_YAATAATATTAATA 	0.0
DME_AAAAYATTGWAA 	0.0
DME_AARCATTAAA 	0.0
DME_TTCAATAATACCAT 	0.0
DME_TAATTMATAAAT 	0.0
DME_TTAWAAGMATTA 	0.0
DME_TGAATGAA 	0.0
DME_TAAGGTAAAGTTTA 	0.0
DME_ATAAATAAACTTTACC 	0.0
DME_AAKAGWAAAA 	0.0
gimme_66_MDmodule_Motif.14.2 	0.0
DME_AWWTATTYCATA 	0.0
gimme_91_MDmodule_Motif.14.7 	0.0
DME_TAAAAWTTYGAA 	0.0
DME_ATAAATTCTGTAAA 	0.0
DME_AATAATAATAATAACA 	0.0
gimme_60_Improbizer_ATTTACCATTCATA 	0.0
DME_AGATGAAT 	0.0
gimme_38_Homer_10_5 	0.0
DME_GSAATTAAWT 	0.0
DME_TKCAACAACAACAACA 	0.0
gimme_56_Improbizer_ATTCCACTGCAAAAT 	0.0
gimme_157_MEME_3_w14 	0.0
DME_AYAAATAARTAAAY 	0.0
DME_TAATTCCA 	0.0
DME_TCAAATAMAA 	0.0
DME_GTAAAATG 	0.0
DME_AGAAAKGAWR 	0.0
DME_AATGATATAAAAAA 	0.0
DME_AATTCCAT 	0.0
DME_AWATAATTTGMAAT 	0.0
DME_TTTAACWTGAAAAA 	0.0
gimme_77_MDmodule_Motif.14.3 	0.0
DME_ATTTAGCA 	0.0
DECOD_Motif6_10 	0.0
DME_AAAATAACAACTAA 	0.0
DME_TCCAAATTCAAATA 	0.0
DME_GAAATATTAT 	0.0
DME_CATAATGA 	0.0
gimme_177_Weeder_13 	0.0
DME_RARATATCAA 	0.0
DME_TTHCAAAHMATTYT 	0.0
DME_MACTTRAAAARY 	0.0
DME_TAGAARTYAA 	0.0
DME_AATGAATTTTAACTCA 	0.0
DME_TAAATAMATMAAMT 	0.0
DME_ATAAATAAATAA 	0.0
DME_YAMAARVRAKAA 	0.0
DME_GAAATTAC 	0.0
gimme_14_BioProspector_w14_4 	0.0
gimme_62_Improbizer_TTTGCTTA 	0.0
DME_AATTGAATTA 	0.0
DME_ATGCRTGCAAAATT 	0.0
DME_AAAATTTCARWA 	0.0
DME_AARMAAWWACAA 	0.0
DME_AATMAHAATAAYAA 	0.0
DME_CWACAACW 	0.0
DME_TAAACAATRA 	0.0
DME_AAAAAGRTAT 	0.0
DME_TTAGCAAA 	0.0
DME_WAAAMTTTTATG 	0.0
gimme_79_MDmodule_Motif.14.5 	0.0
DME_TGWAAATATTAT 	0.0
DME_RTGAAATGMW 	0.0
DME_AAGGAAATTWTTCA 	0.0
DME_AAACTTRAAAAATA 	0.0
DME_TTTAAAAAATAA 	0.0
gimme_10_BioProspector_w14_5 	0.0
DECOD_Motif4_8 	0.0
DME_YAAATTTARWTTMA 	0.0
DME_GAATTAAATTGRATTA 	0.0
DME_WACTATTTSA 	0.0
DME_AARMAGAAWG 	0.0
DME_TAAATAAATSATAA 	0.0
DME_AATTGCTCTGAA 	0.0
DME_AARATGAAAA 	0.0
DME_DKAAAAVAAAGA 	0.0
DME_AAAAATARAAAAAG 	0.0
DME_CCAAATTCAAATAA 	0.0
DME_AATKRGAC 	0.0
DME_GAATAAGA 	0.0
DME_YKRCWSCWAT 	0.0
DME_AAAATAAKGA 	0.0
DME_AAWTCAAWAAAKTW 	0.0
DME_CATRMRWRMA 	0.0
DME_TAAAAGTTAA 	0.0
DECOD_Motif2_10 	0.0
DME_AAATGGAT 	0.0
gimme_111_MDmodule_Motif.14.7 	0.0
DME_TCTCATAA 	0.0
gimme_40_Homer_12_2 	0.0
gimme_3_BioProspector_w12_3 	0.0
DME_AAAATTTGAA 	0.0
DME_AACAACAACAACAACA 	0.0
DME_YRRAAAATTTYMAA 	0.0
DME_AAATATCAAATTTG 	0.0
DME_AWGRRMKAAGWV 	0.0
DME_GAAANVAAAG 	0.0
DME_AATTAGTACAAATT 	0.0
gimme_67_MDmodule_Motif.14.3 	0.0
DME_ACTGCWAW 	0.0
DME_ATKAGGWRYT 	0.0
DME_GTTTAAATAA 	0.0
DME_ARGMTGAAAW 	0.0
DME_YWRAWAAWWAAAAC 	0.0
DECOD_Motif4_10 	0.0
DME_MAATGAAATAAW 	0.0
DME_RAAGTTKAAA 	0.0
DME_AWVRGRAAHKGW 	0.0
DME_AATCRTTKAAWA 	0.0
DME_VWKGAAADGVWS 	0.0
DME_TTTTAAAATGAAATGC 	0.0
DME_AAAGCAAA 	0.0
DME_RAATTCAAAA 	0.0
DME_AAAAAATTTG 	0.0
DME_AGAAATTAAT 	0.0
DME_AAAATTAYMTTG 	0.0
DME_TTCARCVATT 	0.0
DME_TAGGAARAAATG 	0.0
DME_TCATWAAKCA 	0.0
DME_AAAVGAWSAA 	0.0
DME_ATGAATTTAA 	0.0
gimme_108_MDmodule_Motif.14.4 	0.0
DME_AATTTYAWWTCWAW 	0.0
DME_TGATCAAA 	0.0
gimme_104_MDmodule_Motif.14.10 	0.0
DME_AHTAATATTKAMAA 	0.0
DME_GTAAATTTAA 	0.0
DME_KCAAAATGRY 	0.0
DME_WGMAAAAAKAAA 	0.0
DME_VAAAATARMMAC 	0.0
gimme_46_Homer_14_3 	0.0
DME_AMAATAAATKTA 	0.0
gimme_107_MDmodule_Motif.14.3 	0.0
DME_RAKYTAAAAT 	0.0
DME_ATTTCATTAAAAAT 	0.0
DME_TMATTBRAATTTAA 	0.0
DME_CAATTGAT 	0.0
DME_AAATTCATTCTCGAAT 	0.0
DME_TAAGAAATGATAAT 	0.0
gimme_152_MEME_8_w14 	0.0
DME_KAARAAHGMAAA 	0.0
DME_AATATGCATATATG 	0.0
DME_GAAAGATT 	0.0
DME_AGAAAAAAGAAAGC 	0.0
DME_ACAATAAG 	0.0
DME_AATATTTGAWAM 	0.0
DME_TTRAAAMATTTC 	0.0
DME_GAAAAATTTT 	0.0
DME_AWKAAAATTTTCAT 	0.0
DME_CAATTGAA 	0.0
DME_TAATTAATGA 	0.0
DME_AATTAAAHKKGAAY 	0.0
gimme_120_MEME_6_w14 	0.0
gimme_69_MDmodule_Motif.14.5 	0.0
DME_AAATGATAAT 	0.0
gimme_41_Homer_12_3 	0.0
DME_RGRWAACWTT 	0.0
DME_TAGCAAGAAATATA 	0.0
DME_AAATTTCAAT 	0.0
DME_RATCARAAATYT 	0.0
DME_ATTAAGCA 	0.0
DME_ATGAATTAAT 	0.0
DME_GAAAAGTA 	0.0
DME_AAAAATAATAAT 	0.0
DME_AAATTTCAAA 	0.0
DME_AGMGATRA 	0.0
DME_AATTTAATTYAA 	0.0
DME_GAAAYTTTAWAT 	0.0
DME_YKCDTBCAVAAT 	0.0
DME_AAAAATGATGAAAA 	0.0
gimme_94_MDmodule_Motif.14.10 	0.0
DME_GAAWTGCW 	0.0
DME_ATGAATTAAA 	0.0
DME_ARRMRGRHARKG 	0.0
DME_AGSRAAAG 	0.0
DME_AATTTCAAAT 	0.0
DME_TTAARTWYTAAATT 	0.0
DME_MATTAAYTCA 	0.0
DME_AATGCAGTGATA 	0.0
DME_AAGAAAGA 	0.0
DME_AATGAGTTAAAATTCA 	0.0
DME_ATAATWAWAACA 	0.0
DME_AATTTCAAAA 	0.0
DME_AGATGAAA 	0.0
DME_AAATGGAA 	0.0
DME_RACADRAYAAAA 	0.0
DME_AGBAAKAWRTBA 	0.0
DME_AAMTCATTCGAGAA 	0.0
DME_GAAAAATTTCCTTA 	0.0
DME_MTMAYRATAATAAY 	0.0
DME_AATRACCR 	0.0
DME_TRRMMWATTTSAAA 	0.0
DME_AATTTRAATTAA 	0.0
DME_TTTYCAAGTTAAAA 	0.0
DME_AMTSAKTTAAAA 	0.0
DME_TAAGAAAC 	0.0
DME_GGAATTAA 	0.0
DME_ATAAHAWTAAYAAM 	0.0
DME_AAAAATWTWCAA 	0.0
DME_AAAAATTAAATT 	0.0
DME_AAACTGTA 	0.0
DME_AGCATATTTAATCA 	0.0
DME_ARYGATGR 	0.0
DME_AGTTTCWAMT 	0.0
DME_TWAGATGAAW 	0.0
DME_TCTCGAATGAGTTAAA 	0.0
DME_ATWATTKGAAAT 	0.0
DME_ATGAAATG 	0.0
DME_RAWSSAAAMG 	0.0
DME_GATAATTTTAAAAT 	0.0
DME_AAKRAATGAA 	0.0
DME_ATYAATTYCA 	0.0
gimme_64_Improbizer_AAAAAAGTGGCA 	0.0
gimme_127_MEME_3_w14 	0.0
DME_ATTTCANAGA 	0.0
DME_AATTAMTTRATTMC 	0.0
DME_AATAATAACGATAA 	0.0
DME_ARAAWTATTTGT 	0.0
DME_TAAAWAYTAAATTW 	0.0
DME_AAGAGTAA 	0.0
DME_GAATGAATTTTAAC 	0.0
DME_AAATWWKGMGAA 	0.0
DME_RTTARYAGDDAA 	0.0
DME_AWGAAATGAHAW 	0.0
DME_RGTAAAAAAT 	0.0
DME_ATTAAATTTAAA 	0.0
DME_AAKTGAWAAG 	0.0
DME_TWTAAAATGAAATG 	0.0
DME_AGAGTAAT 	0.0
gimme_103_MDmodule_Motif.14.9 	0.0
DME_TAATMAMRATAATRAT 	0.0
DME_GWTWAAATAAAA 	0.0
DME_GYAWWATGAY 	0.0
DME_AAAATTTTCA 	0.0
gimme_156_MEME_2_w14 	0.0
DME_AATAACRATAAYAATA 	0.0
DME_CTCATTAA 	0.0
DME_ACAATAACAATAACAA 	0.0
DME_CATAAATAAACTTTAC 	0.0
DME_TAAATATTCCATAA 	0.0
DME_TAAATAAGTA 	0.0
DME_TTAAAAAATTAT 	0.0
DME_AAWAATTAAATTTAAA 	0.0
DME_GCTAAAAT 	0.0
gimme_9_BioProspector_w14_4 	0.0
DME_CTKTATAAAR 	0.0
DME_TTCACAAAAATGTT 	0.0
DME_CATTCGAGAATGAATT 	0.0
DME_TAATAATAATWAATAA 	0.0
DME_SMAAATTAAA 	0.0
DME_WAAYGATRATMATW 	0.0
DME_RAATTGCM 	0.0
DME_AGCAAAAATAAATGTA 	0.0
DME_ATAATAAAAACAAA 	0.0
DME_ATTAAAATTG 	0.0
gimme_57_Improbizer_TTTTATCATTTCAT 	0.0
DME_TTCAATAATACCATAA 	0.0
gimme_39_Homer_12_1 	0.0
DME_RATCAAAAAT 	0.0
DME_TAAAAATAATTT 	0.0
DME_WTAAAATGRAAT 	0.0
DME_ACTTGAAAAGCA 	0.0
DME_ATAATAATAATAATAA 	0.0
DME_CAATCATT 	0.0
DME_AACTTRRAAA 	0.0
gimme_13_BioProspector_w14_3 	0.0
DME_AAATATCAAT 	0.0
DME_AAGGAAAAGGAGAA 	0.0
DME_AATTAAATTTGAATTA 	0.0
DME_AANGAACMAT 	0.0
DME_TGACAAAAWATTAT 	0.0
DME_AAATGAAATM 	0.0
DME_AAAYAVAAYAAA 	0.0
DME_AATTCAAAAT 	0.0
DME_CAAAAAATTT 	0.0
DME_ATGAGAAATTTGAT 	0.0
DME_ATCAAATAAT 	0.0
DME_AAAATTTCAA 	0.0
DME_SARATKTTTYAAMA 	0.0
DME_CTCATAAT 	0.0
gimme_55_Improbizer_AAATAGGAAAAGAAAAAAAT 	0.0
DME_TCAAAATG 	0.0
DME_ATAAAGCA 	0.0
DME_AKCAAAAWGM 	0.0
DME_TTGAAAAG 	0.0
DME_AAAWAYTGAAAT 	0.0
DME_GTAAATTTAAAAAA 	0.0
DME_AAAMGAAC 	0.0
gimme_4_BioProspector_w12_4 	0.0
DME_AAWRATSAAAAA 	0.0
DME_ATTGATAAYR 	0.0
DME_MAAGAAAAAA 	0.0
DME_AATGAATTTTAACT 	0.0
DME_TTKAAAWAAAAR 	0.0
DME_AAATGCTA 	0.0
DME_GACABCDATW 	0.0
DME_AATTAAATTGAATTAA 	0.0
DME_AAATTAAATTTA 	0.0
gimme_15_BioProspector_w14_5 	0.0
DME_ATATTTGAAA 	0.0
DME_AATTTCAAAAATCA 	0.0
DME_AAATSAMAAATT 	0.0
DME_ACAAARGAWCAA 	0.0
DME_RATGRAATKM 	0.0
DME_AAATTCATTCTCGA 	0.0
DME_AAATTGAATT 	0.0
gimme_74_MDmodule_Motif.14.10 	0.0
DME_ATCAGTAA 	0.0
DME_GATGWATWAA 	0.0
gimme_25_BioProspector_w14_2 	0.0
gimme_58_Improbizer_TTTTCTTCCTT 	0.0
gimme_109_MDmodule_Motif.14.5 	0.0
DME_GAAAAATG 	0.0
DME_TKAAATWARAAWTA 	0.0
DME_AAACAAAATAAAAA 	0.0
DME_AAACAAAAACAAAAAA 	0.0
gimme_122_MEME_8_w14 	0.0
DME_AAAATAAATGTAWT 	0.0
DME_AATTGAAATT 	0.0
DME_GACAAAAAATTATT 	0.0
DME_AWTCAAAAARTT 	0.0
DME_AATAAACTTTACCT 	0.0
DME_TAAATAAAAATT 	0.0
DME_TTYACAAAAR 	0.0
DME_ACAATTGA 	0.0
DME_ATAAAAGTTA 	0.0
DME_TKCAACWACAACAA 	0.0
DME_TACGAAATAATAAATT 	0.0
DME_ARMACAAAAA 	0.0
DME_ARAAATAGAA 	0.0
DME_RWTGWCAGMV 	0.0
DME_AATRWTAATAAYAW 	0.0
DME_WAAAWRATSADAAA 	0.0
DME_KAAWATTTTCAY 	0.0
DME_GAAATKAAWWAA 	0.0
DME_AYTTGAAAAR 	0.0
DME_AATGAATTTA 	0.0
DME_TAAAWWGAATTWRA 	0.0
DME_AAWWYAMAAAATTT 	0.0
DME_CGAAATTA 	0.0
DME_GAAAATGT 	0.0
DME_TAAGGAAATTTTTCAA 	0.0
DME_TTSCWATGVA 	0.0
DME_GAMAGRAARAVD 	0.0
DME_TTCCAAAWAATTTTAA 	0.0
DME_RAAATTATTRTC 	0.0
DME_TAATAATAATAA 	0.0
DME_ATGAKAAAACGA 	0.0
DME_TGAGAAAT 	0.0
DME_AATGAATATGAATG 	0.0
DME_CGAGAATGAATTTTAA 	0.0
gimme_170_Weeder_6 	0.0
DME_ATAATMAAASTTAA 	0.0
DME_TYAAAAAAAG 	0.0
DME_AWTTWATTCC 	0.0
DME_TTAAAATGAAATGC 	0.0
DME_GAGTTAAAATTCAT 	0.0
DME_ACAATAATTATTGT 	0.0
DME_ATTTSAATYMAA 	0.0
gimme_53_Homer_14_5 	0.0
gimme_51_Homer_14_3 	0.0
DME_GAATTAAATT 	0.0
DME_CAAAAATTTACAAA 	0.0
DME_AAAKAGAAAA 	0.0
DME_TGCTAAAA 	0.0
DME_TGTTTAAATAAAAR 	0.0
DME_TGAAATGA 	0.0
DME_TAATAATAATAGTA 	0.0
DME_WACMATAATTAWTG 	0.0
DME_CAACAACAACAACAAM 	0.0
DME_TTKAAAWGATAA 	0.0
DME_TTAAAAATTG 	0.0
gimme_85_MDmodule_Motif.14.1 	0.0
DME_AAWAATAAATAAWT 	0.0
DME_ATAAATAAMC 	0.0
DME_AGAAATGA 	0.0
DME_AAATTTTCAMATAT 	0.0
DME_CTTATCAA 	0.0
DME_TTGAAMGM 	0.0
DME_SAATKTAAWTCM 	0.0
DME_AAAAAAGTTT 	0.0
DME_GAATGAAT 	0.0
gimme_68_MDmodule_Motif.14.4 	0.0
DME_AAAATTCATTCTCGAA 	0.0
DME_AACGAAMM 	0.0
DME_AKAAATCAAA 	0.0
DME_AAWAAKTTCAAWAW 	0.0
DME_AAGVAMSAAWAA 	0.0
DECOD_Motif5_10 	0.0
DME_CATAAATAAACTTT 	0.0
DME_RAAAAAGAHATT 	0.0
DME_TAATATTKACAA 	0.0
DME_AWTYRWATTGCA 	0.0
DME_AAAGGAAAAGGAGA 	0.0
DME_TAATGGAA 	0.0
DME_AWAAGAMASAWT 	0.0
DME_ARTAGTAAAA 	0.0
DME_AATAATTAATTA 	0.0
DME_AAAATTTTGA 	0.0
gimme_45_Homer_14_2 	0.0
DME_GAAAGAAA 	0.0
DME_TAAATAAATAAA 	0.0
gimme_2_BioProspector_w12_2 	0.0
DME_AAAARAWAGA 	0.0
DME_TCGAATGAGTTAAA 	0.0
DME_AAGATGAA 	0.0
DME_AATTTTCAAA 	0.0
DME_RAAWYAMWACAA 	0.0
DME_ATAMAASCAR 	0.0
DME_TAAATTKAATTA 	0.0
DME_MAAAAATTTYAA 	0.0
DECOD_Motif7_10 	0.0
DME_AATTTTGAAAAATT 	0.0
DME_ATYATTAWCAAA 	0.0
DME_RATATWAAATAAWK 	0.0
DME_TAAWYTAAAYTTKA 	0.0
DME_TGAAATTAAA 	0.0
DME_GCTAATAA 	0.0
gimme_147_MEME_3_w14 	0.0
DME_ATCWAAAATYTT 	0.0
DME_AATTATAACA 	0.0
DME_AATAAATAAATGATAA 	0.0
DME_ATGATCAA 	0.0
DME_TCGAATGAGTTAAAAT 	0.0
gimme_137_MEME_3_w14 	0.0
DME_TGAAHRMMAGMD 	0.0
gimme_142_MEME_8_w14 	0.0
DME_TGAAAAGA 	0.0
DME_AAAGGAAA 	0.0
DME_AVGHRAACAT 	0.0
DME_GATAAKAAAA 	0.0
DME_TTCAATTTAATTCAAA 	0.0
DME_TAATTGATAA 	0.0
DME_MAAAAARAGA 	0.0
DME_AATTRAAATBGA 	0.0
DME_AATTTCAWARAT 	0.0
DME_AATGMAATMT 	0.0
DME_AATATAAAATAA 	0.0
DME_AWAATTAAATTTAAAT 	0.0
DME_AADATGAAAAKA 	0.0
DME_AAAATTAAATTA 	0.0
DME_AATGGAAT 	0.0
DME_AATAATAATAATAAAK 	0.0
DME_THCAAAWRATTYYA 	0.0
DME_AAAWVAATAAAMTR 	0.0
DME_AAAAATTATATT 	0.0
DME_AATCTATKAAATTG 	0.0
gimme_160_MEME_6_w14 	0.0
DME_AHGGAATBAA 	0.0
gimme_20_BioProspector_w14_2 	0.0
DME_AATAAAAATTAA 	0.0
DME_MRATGGAA 	0.0
DME_ATAATTTTAAAA 	0.0
DME_GTCAAATT 	0.0
DME_TAAATAAACTTTACCT 	0.0
DME_AATTCAYAAAWATG 	0.0
DME_KAATAATWAATWAT 	0.0
DME_ACAAAATATTATCT 	0.0
DME_TCAVGAAA 	0.0
DME_GSAAAAGD 	0.0
DME_TTAAATTTAAATTTAA 	0.0
gimme_105_MDmodule_Motif.14.1 	0.0
DME_AAATTAAATTTRAATK 	0.0
DME_AATATTTGAA 	0.0
gimme_126_MEME_2_w14 	0.0
gimme_99_MDmodule_Motif.14.5 	0.0
DME_AATYTGAAATTW 	0.0
DME_GAAATGAA 	0.0
DME_TTAATAAYAATAATAA 	0.0
DME_ATAATAATAATA 	0.0
DME_AATWTAAWTTAATC 	0.0
gimme_12_BioProspector_w14_2 	0.0
gimme_136_MEME_2_w14 	0.0
gimme_116_MEME_2_w14 	0.0
DME_AATGAGAAATTTGA 	0.0
gimme_93_MDmodule_Motif.14.9 	0.0
DME_YKCAAAATTT 	0.0
DME_AGCAAAAATAAATG 	0.0
DME_TTAAAAATTTTTAAAA 	0.0
DME_RAAAATTTCAAW 	0.0
DME_ATGTAATATGCATATA 	0.0
DME_GAARTRAMAAAT 	0.0
DME_AADHRMTKTCAA 	0.0
DME_TCAAAAATTT 	0.0
gimme_63_Improbizer_AATATCACTTT 	0.0
DME_TYAARAAATTTYMA 	0.0
DME_AATTCAMAAA 	0.0
DME_AAATTTTAAATA 	0.0
DME_ATGCAACAACAACAAC 	0.0
DME_TATCGAAA 	0.0
DME_AWHCMAKVARAA 	0.0
DME_AAGTTTAAAA 	0.0
DME_ATATTTCAAATAWT 	0.0
DME_CARWTTAATTYWWA 	0.0
DME_CAATAATTAT 	0.0
gimme_97_MDmodule_Motif.14.3 	0.0
DME_AAAAAWKAAAAC 	0.0
DECOD_Motif9_10 	0.0
DME_AAATTTRAATTWAW 	0.0
gimme_23_BioProspector_w14_5 	0.0
gimme_50_Homer_14_2 	0.0
DME_TGHAATTTKCAA 	0.0
DME_CAATAATACCATAA 	0.0
DME_ATTCGAGAATSAAT 	0.0
DME_GMAAWAATAAAT 	0.0
gimme_95_MDmodule_Motif.14.1 	0.0
DME_GATAAYRAKA 	0.0
DME_ATTAATAAYAATMATA 	0.0
DME_ACAAATATTT 	0.0
DME_AAATTATATTATCA 	0.0
DME_TATTAATAAAAT 	0.0
DME_AGAATGAAYTTTAA 	0.0
DME_AAAGAGTA 	0.0
DME_AATTTAATTTAAAAAA 	0.0
DME_AATAATAATAAT 	0.0
DME_CAGAATTKAB 	0.0
DME_AATYCAATTTAATTCA 	0.0
DME_AMTYATKCGN 	0.0
DME_AATAATTTCA 	0.0
DME_WGAAWTGCWM 	0.0
DME_GAAAGMAAAAAGRA 	0.0
DME_GAAAAWWTCA 	0.0
DME_TCAACAAT 	0.0
DME_AAAAATTTCA 	0.0
DME_ACGAAATAATAAAT 	0.0
DME_AAAATTAATTAA 	0.0
DME_WGATGGWA 	0.0
DME_TTAAACATGTTTAA 	0.0
DME_TTAATTMATAAA 	0.0
DME_TAAATTTAAAAA 	0.0
DME_AMTCATTCGAGAAT 	0.0
DME_WAATAYTTGAAA 	0.0
DME_TCAACAACAACAAC 	0.0
DME_CASGWAAA 	0.0
DME_GAACAATT 	0.0
DME_GAAAAAHWTTGR 	0.0
DME_AKAAAGMMRAAR 	0.0
DME_ACAATTATAT 	0.0
DME_RAKTTTHTAAAAAT 	0.0
DME_TCAAATAATT 	0.0
DME_KRAAACGA 	0.0
DME_WAAMTCATKCGA 	0.0
DME_TTATAAGAAT 	0.0
DME_ATGARAAAYT 	0.0
DME_AARTTTYKCA 	0.0
DME_TAMMAKKGAA 	0.0
DME_TTCAAATAAA 	0.0
DME_AKGRAAGK 	0.0
DME_GVVTGCAA 	0.0
DME_WYAAMAASAVMAAA 	0.0
DME_AAAGTATAMA 	0.0
DME_ATTTCAAATA 	0.0
DME_CAWTAATAAYAA 	0.0
DME_AATTTAWTTCAAAT 	0.0
DME_AWAAAWKAAAVATT 	0.0
DME_AATTCATAAA 	0.0
DME_ARMATRAAMTKVAA 	0.0
DME_AAATATGC 	0.0
DME_GAGAAAAT 	0.0
DME_AGCAAAAT 	0.0
gimme_83_MDmodule_Motif.14.9 	0.0
DME_TTTAAACATGTTTAAA 	0.0
DME_MAATTAYTGA 	0.0
DME_TMAWTTCAAAAA 	0.0
DME_AATGAAAKAA 	0.0
DME_RWAATRRAHRAAKAAA 	0.0
DME_CTGAAATT 	0.0
DME_CAACAACAACAACA 	0.0
DME_TTCAAATATTTCAA 	0.0
DME_GAATAATTAATTATTC 	0.0
DME_ATGAAATC 	0.0
DME_AGTAATAAAT 	0.0
DME_AADRAAATGAAA 	0.0
DME_ATTAATTAAG 	0.0
DME_KAAGAARKKAYA 	0.0
DME_AAGAGAAA 	0.0
DME_AAGCVAAR 	0.0
DME_TAAATTAAATTTGAAT 	0.0
DME_AAATRAMYAAATAA 	0.0
gimme_101_MDmodule_Motif.14.7 	0.0
DME_AACAAYAACAACAA 	0.0
DME_TTAAATTTGAATTAAA 	0.0
DME_ATGAAATATT 	0.0
DME_TTACAGAATTTATA 	0.0
DME_ATAAAATTCA 	0.0
DME_GAAAATTTAT 	0.0
gimme_65_MDmodule_Motif.14.1 	0.0
DME_ATATATGCATATTACA 	0.0
DME_RAAAAKTTTC 	0.0
DME_AAYGAWAWRAAA 	0.0
DME_TTAAATAAAAAT 	0.0
DME_ATAATTAATAAA 	0.0
DME_GAAWAATTAAATTTAA 	0.0
gimme_88_MDmodule_Motif.14.4 	0.0
DME_CATTCGAGAATSAA 	0.0
DME_CTTTCAAA 	0.0
