1157 feature  	 square of weight value
gimme_119_MEME_6_w14 	0.000453949612178
gimme_159_MEME_6_w14 	0.000418798876377
DME_AVAKKGATDG 	0.000344837667173
gimme_57_Improbizer_AAATTCAGATGAAAAAAA 	0.000299732735345
gimme_149_MEME_6_w14 	0.000194235290751
DME_WWCCTGTY 	0.000176131267383
DME_AAGGAAGAACAAAGTT 	0.000167383995779
DME_GKYDMAAATM 	0.000159260109003
DME_TCAACAAT 	0.000154933389594
DME_GRAWGAASAW 	0.000144045225853
DME_AYTTSAGARMAD 	0.000120552912433
DME_GMTMAGAT 	0.000111105026977
DME_YCAHYCATHM 	9.10506595894e-05
DME_GAGTAAAA 	9.07441225269e-05
gimme_12_BioProspector_w8_1 	9.02071774039e-05
DME_AAATTGAAAT 	8.71691337499e-05
DME_TAASAAAARA 	8.69074168303e-05
DME_AAATAACTTAAAATCA 	8.63788984999e-05
DME_TATATTGAAATAAT 	8.30866519634e-05
DME_AGTTGAAA 	7.82609422012e-05
gimme_15_BioProspector_w8_4 	7.57426435683e-05
DME_ACAAATTTAT 	7.39219675798e-05
DME_TTAAGATTTCAGAGAA 	7.37230805022e-05
gimme_139_MEME_6_w14 	6.96453128335e-05
DME_CTGATRAR 	6.8512697597e-05
DME_TYARYTTWCAAR 	6.68094039126e-05
DME_RTRAYAATAMYAMTAR 	6.45121171786e-05
DME_WTKRATRGDA 	6.19504818758e-05
DME_TAMTWCTAMTAM 	6.17445854528e-05
DME_TTTWTACTTCAAAA 	5.92184411002e-05
DME_ATTGAAGA 	5.62670961956e-05
DME_TTGAACAA 	5.60790007319e-05
DME_AGCAAAAA 	5.5977004515e-05
DME_KAAAMGGA 	5.42376189999e-05
DME_ATATTCAAAT 	5.11315384872e-05
DME_TAGTACTAATAATAAT 	5.07137410894e-05
DME_ARBAAMAAYAAC 	4.84196134057e-05
DME_TATATTGAAA 	4.76310291372e-05
DME_AAAYAYAAGT 	4.75744031668e-05
DME_GAATGAAA 	4.55547399602e-05
DME_WACAAKYTAT 	4.52461613665e-05
DME_AARMGGAADY 	4.46820065515e-05
DME_AATAACAATAACAATG 	4.45662337524e-05
DME_CAAATTAAAA 	4.42073157718e-05
DME_ACAACAACAACH 	4.24807620401e-05
DME_AACGATATCAATAATA 	4.20895411556e-05
DECOD_Motif7_10 	4.02756627797e-05
DME_SAGAGMAA 	4.01558877781e-05
DME_AACAATAG 	3.97843037758e-05
DME_TTSAAATGAM 	3.92470370907e-05
gimme_129_MEME_6_w14 	3.9237933357e-05
DME_TAATAATAGT 	3.83191230026e-05
DME_SMCAAAAG 	3.81184978532e-05
DME_ATAACTTAAAATCAAG 	3.60125251424e-05
DME_TWCYAMTRYTMY 	3.59747282886e-05
DME_TAACGATATCAATA 	3.58803852923e-05
DME_AATAATAATAAT 	3.58636832423e-05
DME_AAGCTAACTTAA 	3.50721438132e-05
gimme_32_Homer_14_1 	3.4601843516e-05
DME_AATTTAACATAAAG 	3.43030043185e-05
DME_AARAGGAWRRAN 	3.37181264975e-05
DME_YKCAGHRRVVRAAV 	3.34904062095e-05
DME_AACTWCARMW 	3.31071080237e-05
DME_CYBAAATG 	3.08829423769e-05
DME_GTTGAATGGAAAAAGG 	3.06702419424e-05
DME_TGAAGTATAAAAWG 	3.0399408648e-05
DME_TTAATTTAACATAAAG 	3.00447886428e-05
DME_ARATCAMATT 	2.996449609e-05
DME_YGAAATTGAH 	2.93140526766e-05
DME_TCARTGRA 	2.9046660205e-05
DME_GAAMAAMG 	2.82900487814e-05
gimme_109_MDmodule_Motif.14.6 	2.82669453138e-05
DME_GAAMTCTTCATA 	2.7936100623e-05
DECOD_Motif5_10 	2.78517569996e-05
DME_CAATAGTACTAATAAT 	2.66888328307e-05
DME_AMAGKTGA 	2.62935871321e-05
DME_TTGAAGTATAAAAWGT 	2.62345224513e-05
DME_AKARTGRYAATA 	2.51909450428e-05
DME_TCAAATGA 	2.37382404285e-05
DME_TGNVGCAA 	2.34098957269e-05
DME_AAATTGATTA 	2.30015006308e-05
DME_TGATAGAA 	2.26711310022e-05
DME_AARGCGGAAWTY 	2.26269521096e-05
DME_VAAAAAGG 	2.2323724764e-05
DME_GCTAAAAT 	2.20730341802e-05
DME_TAAGATTTCAGAGAAA 	2.15202779182e-05
DME_AGGAAGAACAAAGTTR 	2.11534349147e-05
DME_AATAAHAAKAKWAM 	2.11297691144e-05
DME_AMDVCGGAMW 	2.09977122081e-05
DME_GAAAAAGGAAGAAC 	2.07957077398e-05
DME_TAATAACAAT 	1.92610940302e-05
DME_TMAGAAAAAA 	1.91225533573e-05
gimme_105_MDmodule_Motif.14.2 	1.88437420327e-05
DME_CTAAMTTAATTAAT 	1.83761844546e-05
gimme_88_MDmodule_Motif.14.5 	1.79429072046e-05
DME_AYAATAWCAA 	1.77516213851e-05
DME_WGAAAACWTT 	1.7098710905e-05
gimme_37_Homer_14_1 	1.58303479761e-05
gimme_59_Improbizer_TTTATTTTTACTACTA 	1.54710860313e-05
DME_ATRGYAMWAYTA 	1.54259052469e-05
gimme_120_MEME_7_w14 	1.53723092392e-05
DME_TAATAGTAAA 	1.53557146078e-05
DME_AGAATTAATT 	1.47070180758e-05
DME_ATTCAAAC 	1.41627093774e-05
DME_ARAAAKAAGA 	1.41132901166e-05
DME_CTAATAATAA 	1.40525285243e-05
DME_TTGAAATAAT 	1.34449270393e-05
DME_AATTTAACATAAAGMT 	1.33870615766e-05
DME_CTACTAATAATA 	1.33188800201e-05
DME_AATARTACTAATAA 	1.26837200381e-05
DME_CYGAAATMTTAAAA 	1.23129852573e-05
DME_YAATAATAWCAA 	1.17617066953e-05
DME_AATAACTTAA 	1.17565098478e-05
DME_TAACAATAGTACTAAT 	1.17558355172e-05
DME_AAATGAAAAT 	1.17518720369e-05
DME_MATACAAAAA 	1.14843251711e-05
DME_TYAGGAAWTA 	1.11371148213e-05
DME_AGTTGAATGGAAAA 	1.10616214417e-05
DECOD_Motif8_8 	1.09559669648e-05
DME_MGMATRCA 	1.09448920672e-05
DME_DAWCCTGT 	1.06495215556e-05
DME_AAATTGTAAT 	1.06382951105e-05
DME_GGAAGAACAAAGTT 	1.05323167558e-05
gimme_122_MEME_9_w14 	1.05286034496e-05
DME_WRRMWRRAVKAAGW 	1.03751515758e-05
gimme_23_BioProspector_w14_2 	1.03424730864e-05
DME_AACAATAATA 	1.0219866123e-05
gimme_152_MEME_9_w14 	1.01038874217e-05
DME_TTKGTCGAGAAA 	9.8667788938e-06
DME_HTWMYAMTACTA 	9.72400362073e-06
DME_AATRATAGTR 	9.6988539641e-06
gimme_141_MEME_8_w14 	9.34082958372e-06
DME_YYAYTAMYAC 	9.26251398546e-06
DME_TAACARTGAGCAAT 	9.17450723351e-06
DME_TCAAAAGCGGAAWT 	9.04917884649e-06
DME_ATARTAYTRATA 	9.00276778073e-06
DME_CAACAACAACAACAAC 	9.00237496648e-06
DME_TCTCAAAT 	8.6964277002e-06
DME_AGATTTCAGAGAAAAA 	8.16063605928e-06
DME_TACTACTACTAATA 	8.03180076953e-06
DME_TTTATACTTCAAAAGC 	7.96176961924e-06
DME_CTAATAACAATAGT 	7.86162469362e-06
DME_ACAARAGVMA 	7.5814916035e-06
DME_AKAATAATAWCA 	7.57134267622e-06
DME_VATKBATAKC 	7.52747608941e-06
DME_WYAACAMTGA 	7.42810792003e-06
DME_AAATTAAAATTA 	7.17384344233e-06
DME_AATCTTAAAATGCAGT 	6.90365799166e-06
DME_MAKTTGAAMR 	6.87505132541e-06
DME_TAACTTAACARTGA 	6.54417208481e-06
DME_AATCATTAAT 	6.40223541282e-06
DME_MATHCAWYMA 	6.344602209e-06
DME_AAAAAAATTG 	6.33389412708e-06
DME_ACCGAACTAATTATAA 	6.26262593391e-06
DME_KAATAATAATAATAST 	6.26262593391e-06
DME_ACTAATAACAATAGTA 	6.12995691263e-06
DME_TCTGAAATCTTAAA 	6.12279644023e-06
gimme_58_Improbizer_TATAAAATTGCTG 	5.97854271182e-06
DME_AATGGAAAAAGGAA 	5.92080987105e-06
DME_ASTRATAACAWW 	5.71765599346e-06
gimme_25_BioProspector_w14_4 	5.70926271154e-06
DME_CARTGRAA 	5.66778275056e-06
gimme_17_BioProspector_w14_1 	5.4448556205e-06
DME_ARATTTCAGAGAAA 	5.43466924615e-06
DME_CTTTTGAAGTATAAAA 	5.32525921205e-06
DME_AGRAAAAAAT 	5.30523515887e-06
DME_TTGAAATAATAH 	5.18304445755e-06
DME_AAAAWGSG 	5.12350614885e-06
DME_AKAGTAMTAA 	5.12311232209e-06
DECOD_Motif1_8 	4.99444099891e-06
DME_KATRTCAG 	4.87962330277e-06
DME_TAATAACAATAGTACT 	4.87962330277e-06
DME_MYGGAAAA 	4.59448762215e-06
DME_TGAAAGTA 	4.49643868741e-06
DME_CTACTACTACTAATAA 	4.39242886384e-06
DME_TAAATTGATTAATTAA 	4.29778757517e-06
DME_AATTAATTTAACATAA 	4.28781715792e-06
DME_AAGATTTCAGAGAAAA 	3.8616399503e-06
gimme_48_Homer_14_2 	3.66451741776e-06
DME_GATAGTKR 	3.5959088701e-06
DME_ACATTTTAGTTTAAAA 	3.50493754574e-06
DME_GAAAATCAATAGATTT 	3.40930495476e-06
DME_GKKACAAT 	3.40231610359e-06
DME_TGRARATG 	3.09018500922e-06
DME_MAWGTVKMAA 	3.0190115622e-06
DME_ACTACTACTACTAATA 	3.0190115622e-06
DME_AAGTTGAA 	3.0190115622e-06
DME_GTAAAAGA 	3.0190115622e-06
DME_CAAATCTTATGAAG 	2.87837497655e-06
DME_KAMAWTTGBKSA 	2.82788508541e-06
DME_TARCMRTAMCAW 	2.71665776178e-06
gimme_68_MDmodule_Motif.14.5 	2.66842192546e-06
gimme_90_MDmodule_Motif.14.7 	2.61436502362e-06
DME_YAACAATART 	2.52597185542e-06
DME_ACAACAACAACAAC 	2.52597185542e-06
DME_AAKTTGWAKT 	2.52597185542e-06
DME_GGAAAAAA 	2.27920906513e-06
DME_AATMKTACYRAT 	2.13423692444e-06
gimme_108_MDmodule_Motif.14.5 	2.06394417178e-06
DME_AAGATTGA 	1.9812219087e-06
DME_TTCAACAA 	1.80887771208e-06
DME_AGAATGAA 	1.75529500979e-06
DME_ATCATYCA 	1.72031522485e-06
DME_TTAAGAAAAT 	1.59117164136e-06
DME_CAAATCTTHT 	1.58437808694e-06
DME_CTTTTTAAACTAAAAT 	1.49043833063e-06
DME_AARMKAAYTT 	1.43181591086e-06
DME_CTGGTAGAAATTAA 	1.34035503389e-06
gimme_166_Weeder_3 	1.33131480301e-06
DME_RAGHMKAAWAAG 	1.33131480301e-06
DME_SRARAWGAAA 	0.0
gimme_140_MEME_7_w14 	0.0
DME_GTACTAATAATA 	0.0
DME_TTCAAAAGCGGAAW 	0.0
DME_GAAAAAAART 	0.0
DME_KAWTTAATCAAT 	0.0
DME_TCAARYGW 	0.0
DME_GYAATAATRAYA 	0.0
DME_TACAATTC 	0.0
DME_TAATAACAATAACAAT 	0.0
DME_RCMATARCAWTR 	0.0
DME_AACTCTTCATAAGATT 	0.0
DME_CAAMAATAAK 	0.0
DME_GAAGAACAAAGTTR 	0.0
DME_ATAATAGTACTAATAA 	0.0
DME_GAACTWCAACTT 	0.0
DME_DTWTTGAAATAAWA 	0.0
DME_TTGAATGGAAAAAG 	0.0
DME_TTSAAAKAAWAAAW 	0.0
DME_ATATATTGAAATAATA 	0.0
DME_TTTSAACARAWK 	0.0
DME_TKSAMAARRGHR 	0.0
DME_AKAATAATRAYAATRR 	0.0
DME_AAAAAGGT 	0.0
DME_AATAGCAA 	0.0
DME_RGAAAAAGGAAGAACA 	0.0
DME_ATAATAACAATAACAA 	0.0
DME_GCTAACTTAATTAATC 	0.0
DME_AAATATAAGT 	0.0
DME_YAAMTTWCAA 	0.0
DME_TCAAATKWAAAA 	0.0
DME_AAAAAGGA 	0.0
DME_GATGAAAA 	0.0
gimme_121_MEME_8_w14 	0.0
DME_GAAWRGMDDAAK 	0.0
gimme_146_MEME_3_w14 	0.0
DME_AGTTGAATGGAAAAAG 	0.0
DME_AATAATAGTGACAATA 	0.0
DME_AGAAAATTTT 	0.0
DME_CTACTAATAATAAT 	0.0
DME_AAAGATTG 	0.0
DME_AAAGTATWAAAGAC 	0.0
DME_AGGAAGAACAAAGT 	0.0
DME_TWAAACTAAYTT 	0.0
DME_GCAAAAAT 	0.0
DME_ATAACAATAGTACT 	0.0
DME_AAWTACWGAA 	0.0
DME_ACTAATAATA 	0.0
DME_AAAAAAGG 	0.0
DME_AATTTAACAT 	0.0
DME_GAATGGAAAAAGGAAG 	0.0
DME_ATAACAATGATAGTAA 	0.0
DME_AAYGAYAAAD 	0.0
DME_TTTTGAAGCAAWTA 	0.0
DME_AAYAATRAYAVTAA 	0.0
DME_AATAATAATAATACTA 	0.0
DME_AAAATTTMAATT 	0.0
DME_GATCAAAT 	0.0
DME_GAATGAAAAAATAA 	0.0
DME_GGAAGAACAAAGTTRG 	0.0
DME_ACAATAGTACTAAT 	0.0
DME_RATRMTVGTGAY 	0.0
DME_ATAATAATAATAGTAC 	0.0
DME_RATKRAAVAARR 	0.0
DME_ATAATAATADMAAW 	0.0
DME_STTCAAAAGTTA 	0.0
DME_TAATAATAAC 	0.0
DME_GAARTYGAWA 	0.0
DME_GANAAAVGMA 	0.0
DME_AAMAAWARTAMT 	0.0
DME_ATAACAATAA 	0.0
DME_AAATTTGTVA 	0.0
DME_CWAATRACAWTA 	0.0
DME_GCAAATTT 	0.0
DME_TACTACTAATAATAAT 	0.0
DME_AATAGTAAAA 	0.0
DME_AAATTGAAAA 	0.0
DME_AATAATAATAATASTA 	0.0
DME_TTARTTTAAAAA 	0.0
DME_TTTGAAATAA 	0.0
DME_CAAAAATAAT 	0.0
gimme_1_BioProspector_w14_1 	0.0
DME_GAVWAGMARA 	0.0
DME_TTTGAAAAAT 	0.0
DME_CTGAAATCTTAAAATG 	0.0
DME_TTAGGAAA 	0.0
DME_TTCAAACT 	0.0
DME_TTTAAACTAA 	0.0
DME_ATTGAAATAA 	0.0
DME_AAGAAAATTT 	0.0
DME_AYTHSARMRMARAA 	0.0
DME_AAATTGAAAAAGRT 	0.0
DME_TATAAATAAATA 	0.0
DME_GYGAACTTCAACTT 	0.0
DME_ATAADAGTAAAA 	0.0
DME_TGATGAAA 	0.0
DME_YAATAATWMTAATDWY 	0.0
DME_RABGAAGA 	0.0
DME_WWARRCGGWA 	0.0
DME_AARATTTCAGAGAA 	0.0
gimme_114_MEME_1_w14 	0.0
DME_AAATCTTAAAATGCAG 	0.0
DME_AATTTAASATAA 	0.0
DME_MAATTYATCA 	0.0
DME_ATTAAGAAAA 	0.0
DME_AACAAAARAR 	0.0
DME_TTKTYAAGAAAA 	0.0
DME_GATAACAA 	0.0
DME_TAACAATGATAGTA 	0.0
DME_TCAWTTTCRA 	0.0
DME_AGWGAAWG 	0.0
gimme_150_MEME_7_w14 	0.0
DME_AATAAATAAATA 	0.0
DME_ACTGCATTTTAAGA 	0.0
DME_KTAATAACTTAACA 	0.0
DME_ATAATAATAGTACTAA 	0.0
gimme_89_MDmodule_Motif.14.6 	0.0
DME_AGAGAAAA 	0.0
DME_GTCAAAGTATAAAAGA 	0.0
DECOD_Motif10_8 	0.0
DME_TACTACTACTAATAAT 	0.0
DME_MRRRRGAARAAVRM 	0.0
DME_ATWTTTAMGAAA 	0.0
DME_AAAAAATGAM 	0.0
DME_MWAAYRACAATART 	0.0
DME_TCAAATTAAA 	0.0
DME_GHKAWYKTCWAS 	0.0
DME_AMGTAAATCTATTG 	0.0
DME_MKMATGACAA 	0.0
DME_ATTTSAVAGA 	0.0
DME_CATTCTAA 	0.0
DME_TACATCAA 	0.0
DME_AAGRAAARAA 	0.0
DME_ARTAGYAYTA 	0.0
DME_AAGTATAAAA 	0.0
DME_ARCAAYAAYMAT 	0.0
DME_ATKGAAATAAWA 	0.0
gimme_173_Weeder_10 	0.0
DME_TRATAAYVATAWCR 	0.0
DME_HATMCATC 	0.0
DME_ARMMAMARAAGA 	0.0
DME_WAMGGAARAA 	0.0
DME_TTAATTTCTACCAGAA 	0.0
DME_GAAAATTTAA 	0.0
DME_TCGCAAATCTTATGAA 	0.0
gimme_5_BioProspector_w14_5 	0.0
DME_GTAATAATAA 	0.0
DME_AARRWRGYGK 	0.0
DME_CAAAAGTTAATRAATG 	0.0
DME_RGAARARAAA 	0.0
DME_AGAAATTAACAGGA 	0.0
DME_AACTTAACARTGAG 	0.0
DME_ATGAAAAAAT 	0.0
DME_AATAATAACA 	0.0
DME_AAAGTGYY 	0.0
DME_MANTGASMAWYT 	0.0
gimme_43_Homer_14_2 	0.0
DME_AMAAYTTATC 	0.0
DME_CAAMAARG 	0.0
gimme_70_MDmodule_Motif.14.7 	0.0
DME_TTATACTTCAAAAG 	0.0
DME_TTGAAGACCTAAAAAC 	0.0
DME_ATTGACAA 	0.0
DME_AAGGAAAA 	0.0
DME_AATGAAAATA 	0.0
DME_TAACAATAGTACTA 	0.0
DME_MAAATTAARAAA 	0.0
DME_AWYARCAAWAATMA 	0.0
DME_AACTTTTGAAGCAAWT 	0.0
DME_WGCWAAAATT 	0.0
DME_GAAATAATAA 	0.0
DME_CAATTKSATA 	0.0
DME_GTTGAAGACCTAAAAA 	0.0
gimme_26_BioProspector_w14_5 	0.0
DME_AATRATAGTAAR 	0.0
DME_TGTCAAAGTATAAA 	0.0
DME_WAGYAMTAATAACARK 	0.0
DME_TTCAAAAGTTAATRAA 	0.0
DME_AWCAATAGATTTAC 	0.0
DME_RCRAAAATTT 	0.0
gimme_156_MEME_3_w14 	0.0
DME_AAGTAATAAT 	0.0
DME_KATMAATGAA 	0.0
DME_TTTAAAAAGA 	0.0
DME_CATTCARS 	0.0
DME_ATGAAGAA 	0.0
DME_TAAKAATAATAAYA 	0.0
DME_TAGGAAAT 	0.0
DME_TAATAATAATAGTACT 	0.0
DME_AGTGAAAT 	0.0
DME_CTTCAAAAGCGGAAWT 	0.0
DME_ATRAAAGKAA 	0.0
gimme_13_BioProspector_w8_2 	0.0
DME_ARATTHSAVAGW 	0.0
DME_WGDAASAAAAAA 	0.0
DME_TGAAGACCTAAAAA 	0.0
DME_ACARTAGTRH 	0.0
DME_WGCKWTMMAT 	0.0
DME_AATTTACAAA 	0.0
DME_TNSAAAARSG 	0.0
DME_TAGTACTAATAATA 	0.0
DME_TTGRAVATSMAW 	0.0
DME_AGCTAAVWTR 	0.0
DME_AAAAATTGAA 	0.0
DME_AACTWTTSAA 	0.0
DME_GAACAAAGTTRGTA 	0.0
DME_GAAATTGA 	0.0
DME_TGAAGWWKRAAA 	0.0
DME_AGAAATTAACAGGATT 	0.0
gimme_82_MDmodule_Motif.14.9 	0.0
DME_YTAAYKTAATTA 	0.0
DME_AATGGAAAAAGGAAGA 	0.0
DME_TACTAATAAT 	0.0
DME_AATGCATT 	0.0
DME_ATAACVRTAHCA 	0.0
DME_CTTTTGAAGCAA 	0.0
DME_TAAATTGAAA 	0.0
DME_YAAYRACAATAA 	0.0
DME_TGAAGTATAAAAWGTG 	0.0
DME_ATTTCARMAA 	0.0
DME_TWTTGAAATAAWAH 	0.0
DME_AGAACAAAGTTRGT 	0.0
DME_ACTGATAT 	0.0
DME_TCAGBGMM 	0.0
gimme_151_MEME_8_w14 	0.0
DECOD_Motif5_8 	0.0
DME_ATGAAAAATA 	0.0
DME_GAATGGAAAAAGGA 	0.0
DME_GAAAAAGGAAGAACAA 	0.0
DME_AATAATAATAATAAYA 	0.0
DME_CTACTACTAATAAT 	0.0
DME_AKTKAAAYAAWAAA 	0.0
DME_GBTTGAAY 	0.0
gimme_144_MEME_1_w14 	0.0
DME_ATCAAATTAAAAAG 	0.0
DME_ACAATAACAATAMC 	0.0
DME_KWAAARVGMARA 	0.0
DME_AAAWCAATAGATTTAC 	0.0
DME_AAAAAWKAAG 	0.0
DME_AARAGAAAAT 	0.0
DME_WAGCKAAM 	0.0
DME_RDSAATAATARC 	0.0
DME_WMAATARTAAKAAT 	0.0
DME_GMAAATTTRA 	0.0
DME_AATCATYAAKTA 	0.0
DME_ATGGAAAAAGGAAG 	0.0
DME_AATAACTTAAAATCAA 	0.0
DME_TGGAGATGAAAAAA 	0.0
DME_GTTCAAAT 	0.0
DME_MAAWAARCAARA 	0.0
gimme_92_MDmodule_Motif.14.9 	0.0
DME_CTTCAAAAGTTAAT 	0.0
DME_CTYAAATAMT 	0.0
DME_AWAACTTTTS 	0.0
DME_AAAATTTCAA 	0.0
gimme_42_Homer_14_1 	0.0
gimme_21_BioProspector_w14_5 	0.0
DME_AAARSAAAAWTT 	0.0
DME_GAAGWRWRAA 	0.0
DECOD_Motif3_8 	0.0
DME_RGTAATAATRAY 	0.0
DME_GRARGAWAWA 	0.0
DME_AGCAAATA 	0.0
DME_ATAATAATAATA 	0.0
DME_WTRTMGCAHM 	0.0
DME_GCTTCAAAAGTTAATR 	0.0
DME_KCATTTRAAA 	0.0
DME_GAAGAAYAAAGT 	0.0
DME_AAAGCTAA 	0.0
DME_TTTSWGARAA 	0.0
DME_WYRTYWRAMWKG 	0.0
DME_AAATYCTG 	0.0
DME_TTCAAAAGCGGAAWTC 	0.0
DME_CAGMAMTT 	0.0
DME_TGAAATAATA 	0.0
DME_MATWABAATRAWAG 	0.0
DME_TTGACAAA 	0.0
DME_TAWCADTGADMR 	0.0
DME_CGAACTAATTATAA 	0.0
DME_TRGAAAAAGGAAGAAC 	0.0
DME_TACTATCA 	0.0
DME_TTAAAATTAG 	0.0
DME_AGGAAATA 	0.0
gimme_160_MEME_7_w14 	0.0
DME_BWAATAATAATAATAA 	0.0
DME_GAAAATTTMY 	0.0
DME_TCWAARGTTMAY 	0.0
DME_TAAAAAGG 	0.0
DME_GRARAYRAAMAD 	0.0
DME_KTCVRGAAADVT 	0.0
DME_CAGCMAWT 	0.0
DME_YAGTGAMA 	0.0
DME_CAAATTTG 	0.0
DME_TCAAAGTATAAAAGAC 	0.0
DME_TAATAATAATAA 	0.0
DME_ATCAAATTAA 	0.0
DME_AAACTGAT 	0.0
gimme_33_Homer_14_2 	0.0
DME_AACRGRWYTT 	0.0
gimme_142_MEME_9_w14 	0.0
gimme_81_MDmodule_Motif.14.8 	0.0
DME_AAAGCTAACTTAAT 	0.0
DME_AACAATAGTACTACTA 	0.0
DME_ATAACAATAMCAAT 	0.0
DME_CAATAGTACTAATA 	0.0
DME_STYCAAWAGY 	0.0
DME_ACTAATWATAAT 	0.0
DME_AGAACAAAGTTRGTAG 	0.0
DME_TAGAAATTAACAGG 	0.0
DME_AAGCTYAA 	0.0
DME_ATGAAAATCAATAGAT 	0.0
DME_ATGGAAAAAGGAAGAA 	0.0
DME_AMTAATWATRAYRAYW 	0.0
DME_ATAATAACAATAGTAC 	0.0
DME_CAAMAACM 	0.0
DME_BGAAATGA 	0.0
DME_AAAAGAATTT 	0.0
DME_RATAACTTHWMA 	0.0
DME_TAATAACTTA 	0.0
DME_AAGMAAATAR 	0.0
DME_CAATGATA 	0.0
DME_TAAAATGATT 	0.0
DME_TAGAAATTAACAGGAT 	0.0
gimme_130_MEME_7_w14 	0.0
DME_AATAATAASAAK 	0.0
DME_AAATCTGA 	0.0
DME_AMAAAAAGAA 	0.0
DME_ATRATAAYRATAWC 	0.0
DME_CAAAGTATWAAAGACG 	0.0
DME_AATTGAAATT 	0.0
DME_AACAATAGTACTAA 	0.0
DME_AACAATAGTACTAC 	0.0
DME_AAGTAATAATAACA 	0.0
gimme_98_MDmodule_Motif.14.5 	0.0
DME_AATTAACAGGATTT 	0.0
DME_AATAATAAYAATAWCA 	0.0
gimme_62_Improbizer_AATTGCAGTAAT 	0.0
DME_RMARAKTTSA 	0.0
DME_AACAATAGTACTAATA 	0.0
gimme_167_Weeder_4 	0.0
DME_ATGGAAAT 	0.0
gimme_27_Homer_14_1 	0.0
DME_ACTACTACTAATAA 	0.0
DME_TGAAMTCTTCATAA 	0.0
DME_AACAAKRRTA 	0.0
DME_WAARGCGGAAWT 	0.0
DME_CAATTTCA 	0.0
DME_TTTCAAAC 	0.0
gimme_38_Homer_14_2 	0.0
DME_RACADDRARCAA 	0.0
DME_AATRATAATAAWAT 	0.0
DME_AAGTAATWATMA 	0.0
DME_AAAAAATAAAAA 	0.0
DME_AAGTAATG 	0.0
DME_TCTTTTTAAACTAAAA 	0.0
DME_TAAGAAAATA 	0.0
gimme_115_MEME_2_w14 	0.0
DME_AACAAAGTTRGTAG 	0.0
DME_AATAAATTGA 	0.0
DME_GSAAAAAS 	0.0
DME_KAAATGYC 	0.0
DME_AAAAGGAT 	0.0
DME_CCAAAATT 	0.0
DME_AAAAGGAA 	0.0
gimme_71_MDmodule_Motif.14.8 	0.0
gimme_75_MDmodule_Motif.14.2 	0.0
DME_RCTTCAAAWG 	0.0
DME_AATTTCTACCAGAA 	0.0
DME_CAAMAACANM 	0.0
DME_GAACAAAGTTRG 	0.0
DME_TRKCAATAATAA 	0.0
DME_AACAACAACAACAACM 	0.0
DME_ATAACTTAACARTGAG 	0.0
DME_GDYRAAWKRAAA 	0.0
gimme_87_MDmodule_Motif.14.4 	0.0
DME_WTAAGAAAAWAK 	0.0
DME_WKTAATARCTKA 	0.0
DME_TTWYAYTTCAAA 	0.0
DME_AATAACTTAACARTGA 	0.0
DME_TGAAAATCAATAGA 	0.0
DME_TAACAATG 	0.0
DME_WGAGWGAA 	0.0
DME_AGWYRAMNGRAM 	0.0
DME_ACTTTTGAAGCAAW 	0.0
DME_TBGAAKTAWAAA 	0.0
DME_GGAWGAAV 	0.0
DME_AAMTWYAACTTW 	0.0
DME_GAAAATCAATAGAT 	0.0
gimme_91_MDmodule_Motif.14.8 	0.0
DME_AACAAAVAAK 	0.0
DME_GAAATTAACAGGAT 	0.0
DME_AAAATTGG 	0.0
DME_TGACAAAT 	0.0
DME_AMRGMTAAST 	0.0
DME_RHWCTTCAWAAK 	0.0
DME_TAACAATAGTACTACT 	0.0
DME_TAACARTGAGCAATTG 	0.0
DME_ATAGTAATAAYWATAA 	0.0
DME_GAWGAAAVAA 	0.0
DME_AAGAAGAT 	0.0
DME_AAAAACAARA 	0.0
DME_RWAARTTGAA 	0.0
gimme_78_MDmodule_Motif.14.5 	0.0
DME_ATAAYAATAATAWTGA 	0.0
DME_AGATGAAA 	0.0
DME_RTYHMATCMA 	0.0
DME_TGATAATAAT 	0.0
DECOD_Motif6_8 	0.0
DME_CAAKBWWTYC 	0.0
DME_AAAGATGT 	0.0
DME_AAACAAAAAR 	0.0
DME_CAATAATAAT 	0.0
DME_AAATTAACAGGATT 	0.0
gimme_18_BioProspector_w14_2 	0.0
DECOD_Motif6_10 	0.0
DME_WARTAWTAAYWATAAY 	0.0
gimme_131_MEME_8_w14 	0.0
DME_AACAAWAAMA 	0.0
DME_GGAAATAT 	0.0
DME_AAATAATKTCMT 	0.0
DME_RAGGRARMVSRA 	0.0
DME_TGAAATCTTAAAATGC 	0.0
DME_ATAAATAAATAA 	0.0
gimme_47_Homer_14_1 	0.0
DME_YBCRAATYTT 	0.0
DME_TSSDGAAATDTV 	0.0
DME_TCGARAAR 	0.0
DME_TGACAATA 	0.0
DME_AACTGATA 	0.0
DME_ATTTAATGAA 	0.0
gimme_103_MDmodule_Motif.14.10 	0.0
DME_RCAATAATAAYAATAA 	0.0
DME_AATGAAGA 	0.0
DME_AAAAYATTTTCTTAAA 	0.0
DME_WGVARAYRAAAA 	0.0
DME_ATRGTAMTAWYWAT 	0.0
DME_TASTRRTAAYDATA 	0.0
DME_TAATTTCTACCAGA 	0.0
DME_AWKAGAGMRA 	0.0
DME_CAAARWAYAARA 	0.0
DME_AAAGCTAACTTAATTA 	0.0
DME_ACAAAGCTAACTTAAT 	0.0
DME_AATAATAATAGN 	0.0
DME_AATKRWTTAATTAA 	0.0
DME_ATATTGAAAT 	0.0
DME_TATTGAAATAAWAAAT 	0.0
gimme_19_BioProspector_w14_3 	0.0
DME_ARTAMTAAYDATAA 	0.0
DME_WMATWGAAAAWG 	0.0
DME_AAAGAAATAGATGT 	0.0
DME_ATAATRACAATW 	0.0
DME_ADMCMGRTYY 	0.0
DME_GMTAAYTTAATTAA 	0.0
DECOD_Motif2_8 	0.0
DME_TTAAAAGG 	0.0
DME_CTCTGAAATCTTAAAA 	0.0
DME_GAAAAAAATT 	0.0
DME_CTTTCAAA 	0.0
gimme_101_MDmodule_Motif.14.8 	0.0
DME_TAWWYTTCAAAA 	0.0
gimme_172_Weeder_9 	0.0
DME_AAAAGGAWRR 	0.0
DME_AATAATRATAWC 	0.0
DME_GATAAAAG 	0.0
DECOD_Motif2_10 	0.0
DME_ATCCAATT 	0.0
gimme_111_MDmodule_Motif.14.8 	0.0
DME_WRGYAATAATRAYA 	0.0
DME_AACTTCAA 	0.0
DME_SKRCMAAAMT 	0.0
DME_CATTTTAGTTTAAAAA 	0.0
DME_ACAATAGTACTACT 	0.0
DME_AAAATTTGAA 	0.0
DME_ATGRAAATMA 	0.0
DME_TYACAAKYTA 	0.0
gimme_67_MDmodule_Motif.14.4 	0.0
DME_CAADAATAAMWA 	0.0
DME_TTYWGAKAAA 	0.0
DME_ATAATAATAATAGTGA 	0.0
DME_ATTAATTTAACATAAA 	0.0
DME_TTTGAAGTATAAAA 	0.0
DECOD_Motif4_10 	0.0
DME_ACTTAATTAATCAATT 	0.0
DECOD_Motif9_10 	0.0
DME_AAAAGRYG 	0.0
DME_TCARYTTRSA 	0.0
DME_AAAAAGGAAGAACA 	0.0
DECOD_Motif8_10 	0.0
DME_KTKDAASAAAARAR 	0.0
DME_AATTAAGAAA 	0.0
DME_HAMARSAMMWAC 	0.0
DME_YAACAATWRTMM 	0.0
DME_MTAATWATAATRAWWB 	0.0
DME_TACTACTAATAATA 	0.0
DME_AAAATTAAATTGATTA 	0.0
DME_ATAACTTAACARTG 	0.0
DME_TAACTTTTGAAGCAAW 	0.0
DME_AYAATARCAATAAYAA 	0.0
DME_TACTACTACTACTW 	0.0
DME_AACTTAATTAATCAAT 	0.0
DME_GAAAAAAATM 	0.0
DME_AYTTYAGARA 	0.0
DME_AAGGAAGAACAAAG 	0.0
DME_KRAAAGTAAT 	0.0
DME_RAAGHWCAAM 	0.0
gimme_124_MEME_1_w14 	0.0
DME_ATKAAKHDTTCA 	0.0
DME_AATTTCTACCAG 	0.0
gimme_4_BioProspector_w14_4 	0.0
DME_AYAAYARTRRTG 	0.0
DME_TATATTGAAATAATAA 	0.0
gimme_107_MDmodule_Motif.14.4 	0.0
DME_GAWMTMTKMA 	0.0
DME_KGTAGRRABT 	0.0
DME_TAACTTAATTAATCAA 	0.0
DME_KTYWAAAGTTAA 	0.0
DME_GAYTTCAGAGAAAAAA 	0.0
gimme_63_Improbizer_AAAAGCAAAAA 	0.0
DME_ACAATAAG 	0.0
DME_CYATCMAW 	0.0
DME_AMTACTRATA 	0.0
DME_ACTTTCAA 	0.0
DME_TAAGGAAA 	0.0
DME_ATTGTAAAAA 	0.0
DME_TAATAACTTAACARTG 	0.0
gimme_69_MDmodule_Motif.14.6 	0.0
DME_TAAYTTAATTAA 	0.0
gimme_80_MDmodule_Motif.14.7 	0.0
DME_AAATTTCAAT 	0.0
DME_TTTGAAGTATAAAAWG 	0.0
gimme_100_MDmodule_Motif.14.7 	0.0
DME_TTTSAACARA 	0.0
DME_ATAATMAYAGTR 	0.0
gimme_134_MEME_1_w14 	0.0
DME_AAGARKTSAW 	0.0
DME_AACAACAACAACAA 	0.0
DME_TAATTTAACATAAAGA 	0.0
gimme_2_BioProspector_w14_2 	0.0
DME_TAATAATAATAAYART 	0.0
DME_RAAGKAWRMDBVAA 	0.0
DME_AAGCTAACTTAATTAA 	0.0
DME_AATAAYAATRRT 	0.0
DME_TAATAATAAYMRKR 	0.0
DME_ATTAACTTTTGAAGCA 	0.0
DME_TTAAAMTAAAAT 	0.0
gimme_83_MDmodule_Motif.14.10 	0.0
DME_AGMTAABTTAATTA 	0.0
DME_AATGATAG 	0.0
DME_AACTTAAAATCAAG 	0.0
DME_TMASARAARAAW 	0.0
DME_AMRARYGC 	0.0
DME_AAGAACAAAGTTRGTA 	0.0
DME_TGAATAATTA 	0.0
DME_ATAATAACAA 	0.0
DME_ACAACAACAACAACMA 	0.0
DME_AAAGTATWAAAGACGC 	0.0
DME_AGTAATAATA 	0.0
DME_TTAACTTTTGAAGCAA 	0.0
DME_AAATAACTTA 	0.0
DME_TTKVARABRAARAW 	0.0
DME_CTTCAAAA 	0.0
DME_ATRATAATAKCR 	0.0
DME_GAGTTGAATGGAAAAA 	0.0
DME_WTTTAACAKAAA 	0.0
DME_CAATAATAAYAATWMM 	0.0
DME_ATCAMAKYRAAA 	0.0
DME_RYWRVKARWAATAATA 	0.0
DME_TAATAGTACTAATAAC 	0.0
DME_CTATCAAA 	0.0
DME_TTTVMRARAATG 	0.0
DME_RWGAAAAAAATA 	0.0
DME_GTCAAAGTATAAAA 	0.0
DME_MAARTAATGT 	0.0
DME_CTAATAACAATAGTAM 	0.0
DME_GAWAAAAAKT 	0.0
DME_AATAATATCA 	0.0
DME_AAATCTTATGAAGA 	0.0
DME_GTAATAAYAATAATAM 	0.0
DME_AATAGTAMTAATAATA 	0.0
DME_AAAGAAAATT 	0.0
DME_AATGAAAATT 	0.0
DME_AARGGAWG 	0.0
DME_AAAAMTAAGA 	0.0
DME_AATAATAGTA 	0.0
DME_CTGAAAAT 	0.0
DME_AGRAAAYTTTMT 	0.0
DME_CAAACTAA 	0.0
DME_TACTAATAATAA 	0.0
DME_TAATAACAATAATAAC 	0.0
DME_WAYAATAACAATAMCA 	0.0
DME_ATAATAATAATAST 	0.0
DME_GAAAAGTT 	0.0
DME_TATATTCAAA 	0.0
DME_KWWGAAMACATT 	0.0
DME_GWAMTAAYWATAAT 	0.0
DME_AAAATCTG 	0.0
DME_TAATAACAATAATAAT 	0.0
gimme_77_MDmodule_Motif.14.4 	0.0
gimme_168_Weeder_5 	0.0
DME_ATAACTTARM 	0.0
DME_TAATAATAACAATAGT 	0.0
gimme_73_MDmodule_Motif.14.10 	0.0
DME_AAGTATAAAAWGYG 	0.0
DME_AAAATAACTA 	0.0
gimme_20_BioProspector_w14_4 	0.0
DME_ATAACAATAGTACTAA 	0.0
DME_AATAATAATAGTACTA 	0.0
DME_ATAACAATAGTACTAC 	0.0
DME_AATTAATTAATTAATT 	0.0
DME_GAAAAGAT 	0.0
DME_TAACAATAACAATR 	0.0
DME_AATAATGATA 	0.0
DME_AAATTAATTC 	0.0
gimme_93_MDmodule_Motif.14.10 	0.0
DME_CTTCAAAAGTTAATRA 	0.0
DME_MTAYTACBAA 	0.0
DME_ASYAATWATAAYRR 	0.0
DME_YDRAMTTCAA 	0.0
DME_TCAAATCA 	0.0
DME_AVAACAAC 	0.0
DME_AAAGGAAGAACAAAGT 	0.0
DME_VRTRCYRYTAYT 	0.0
DME_AGAAGAAT 	0.0
DME_WACTAATAACAATAGT 	0.0
DME_TGAAAATCAATAGATT 	0.0
DME_TGATAACA 	0.0
DME_TGAAAKAADAAA 	0.0
DME_AAAAGGAAGAACAAAG 	0.0
DME_ATAATAATAATAATAT 	0.0
DME_AAATCTTATGAAGAGT 	0.0
DME_TAATTTCTACCAGAAA 	0.0
DME_WAAWRATMGTGA 	0.0
DME_AMAWTTGYKSRW 	0.0
DME_RAAASAAAAAWA 	0.0
DME_TTCAAAAG 	0.0
DME_AAATCAKKSA 	0.0
DME_AAMAAYAACH 	0.0
gimme_126_MEME_3_w14 	0.0
DME_TCAAAGTATAAAAG 	0.0
DME_CAAAAGTTAATRAA 	0.0
DME_AGATGTAA 	0.0
DME_TAATAATRAYAG 	0.0
gimme_54_Improbizer_AATTATTATTATCAGTGT 	0.0
DME_TAYTACYAAT 	0.0
gimme_136_MEME_3_w14 	0.0
DME_TGTCAAAGTATAAAAG 	0.0
DME_TCAAAAGTTAATRAAT 	0.0
DME_AAATTTCC 	0.0
DME_TMAYRWCAATAATW 	0.0
DME_VAASAAMAAHMA 	0.0
DME_AWTYGYRMCA 	0.0
DME_AATGAAAG 	0.0
DME_AAGCTAACTTAATT 	0.0
DME_AAAATTGAAA 	0.0
DME_MAATAATAATAA 	0.0
DME_GAAATCTTAAAATGCA 	0.0
DME_CAATASTACTACTACT 	0.0
DME_AATCTTAAAATGCA 	0.0
DME_AGTACTAATAATAATA 	0.0
gimme_14_BioProspector_w8_3 	0.0
DME_AABAATGATA 	0.0
DME_CGATATCAATAATA 	0.0
DME_MGAGAAAY 	0.0
DME_RGAAAWWVRAAS 	0.0
DME_AATCAAATTT 	0.0
DME_TASTDMTACKMA 	0.0
DME_AAATAATTTC 	0.0
DME_YMSCAAATHT 	0.0
DME_TATTGAAATAMW 	0.0
DME_CAATAATAATAATA 	0.0
DME_WTAWMADYGARC 	0.0
gimme_102_MDmodule_Motif.14.9 	0.0
DME_AAACTAAAAT 	0.0
DME_SGACAVAA 	0.0
DME_AWSAAWRMWAKTAA 	0.0
DME_GTACTAATAACAAT 	0.0
DME_TTGAAGACCTAAAA 	0.0
DME_CAATASTACTACTA 	0.0
DME_RTRATCAG 	0.0
DME_GAAAATTTGAAAAC 	0.0
DME_TCAAAAAG 	0.0
DME_ATYCWTYYVA 	0.0
DME_GGAAAATT 	0.0
DME_AAAASGGW 	0.0
DME_GTGATAAA 	0.0
DME_AAAAAGGAAGAACAAA 	0.0
DME_GAAATTAACAGGATTT 	0.0
DME_GAMATTAAMAGG 	0.0
DME_AATAAKWAYHRTGA 	0.0
DME_AATAACAATAGTACTA 	0.0
DME_ACTAATAACAATAG 	0.0
DME_WGARAAAAAA 	0.0
DME_TGTTCAAA 	0.0
DME_ACTACTAATAAT 	0.0
DME_AATAAACAAM 	0.0
DME_ASTRMTAACA 	0.0
DME_ATATTGAAATAATAAA 	0.0
DME_AAAATGAG 	0.0
DME_TAATCAAAAT 	0.0
DME_AAGAACAAAGTTRG 	0.0
DME_AVRAAGMTAA 	0.0
DME_ARRGGAMRAAND 	0.0
DME_TGAATGGAAAAAGG 	0.0
DME_GTACTAATAATAATAA 	0.0
DME_DAWTAGATGT 	0.0
DME_TGAAAACA 	0.0
DME_GATAAATG 	0.0
DME_ACAGRWKYYR 	0.0
DME_TACTACTACTACTAAT 	0.0
DME_CAAAGTATWAAAGA 	0.0
gimme_170_Weeder_7 	0.0
DME_TAAAATAACT 	0.0
DME_AATTGRWTAMWTAA 	0.0
DME_DGARHTYAAG 	0.0
DME_CTAAAATG 	0.0
DME_TAATHATAAWAKTK 	0.0
DME_CTACTACTAATAATAA 	0.0
DME_WATAATAATRWSAA 	0.0
DME_GTWWAAAAAG 	0.0
DME_TAAAATAACTTAAAAT 	0.0
DME_CAAATCTTATGAAGAG 	0.0
DME_MTTAAGAAAATAGA 	0.0
DME_TTAAGAAAAA 	0.0
DME_AAAATAACTT 	0.0
DME_AAGTATWAAAGACG 	0.0
DME_KAATAATRAYAMTA 	0.0
DME_ARCTWABTTRAT 	0.0
DME_ACAATAGTACTAATAA 	0.0
gimme_125_MEME_2_w14 	0.0
gimme_85_MDmodule_Motif.14.2 	0.0
DME_ATAATAATAATAAY 	0.0
DME_TAATAATAATACTAAT 	0.0
DME_TTCTCAAA 	0.0
DME_AKTAATAACTTAAC 	0.0
DME_TTTGAAAGAAAAAA 	0.0
gimme_116_MEME_3_w14 	0.0
DME_AAHTCGAR 	0.0
DME_TWKAAACTAAAA 	0.0
DME_TGAACAAA 	0.0
DME_AAAAGTAATA 	0.0
DME_AKGAMRAMSDAA 	0.0
DME_TTSARAKVARAA 	0.0
DME_TTYAAMTTWYAA 	0.0
DME_YTTCAGAGAARAAA 	0.0
DME_ACTACTAATAATAA 	0.0
DME_GTTGAATGGAAAAA 	0.0
DME_ATTTGAAAGAGAAA 	0.0
DECOD_Motif3_10 	0.0
gimme_165_Weeder_2 	0.0
DME_KAAGAWMAWAGA 	0.0
DME_ATAATAATAG 	0.0
DME_AWAACAAWAG 	0.0
DME_TMAGGAAA 	0.0
DME_ATTTCTACCAGAAA 	0.0
DME_TATTGAAATA 	0.0
DME_ARMBAACTWY 	0.0
DME_TTTAAGAAAA 	0.0
DME_ARYAATRAYWAKAATR 	0.0
DME_AAATTGGA 	0.0
gimme_22_BioProspector_w14_1 	0.0
DME_TATATATTGAAATAAT 	0.0
gimme_55_Improbizer_GAGAGAAAAAAAAA 	0.0
DME_ATAAYAATRRTA 	0.0
DME_ACTTCAAAAGCGGAAW 	0.0
DME_TGAATGGAAAAAGGAA 	0.0
DME_TCTCTGAAATCTTAAA 	0.0
DME_TCTGAAATCTTAAAAT 	0.0
DME_YGGAAAAR 	0.0
DME_RGTAATAAST 	0.0
DME_AAAAWGGS 	0.0
DME_TYCAWCMA 	0.0
DME_AAKAASMAWG 	0.0
gimme_155_MEME_2_w14 	0.0
DME_TAACAATAAT 	0.0
DME_AAKAWYAAAKTT 	0.0
DME_CAAAGCTAACTTAATT 	0.0
DME_KAAATAATAAAT 	0.0
gimme_113_MDmodule_Motif.14.10 	0.0
DME_AGTACTAATAACAA 	0.0
DME_WGAAAATARA 	0.0
DME_ACARTGAGCAAT 	0.0
DME_AACTTTTGAAGCAA 	0.0
DME_ATGAAAATCAATAG 	0.0
DME_AVAACRACRM 	0.0
DME_CAAMARTTAA 	0.0
DME_GKYAGAAA 	0.0
gimme_79_MDmodule_Motif.14.6 	0.0
DME_AAAGGAAA 	0.0
gimme_135_MEME_2_w14 	0.0
DME_TTCADKSGAH 	0.0
DME_KCAAAARTTA 	0.0
DME_ACCAAACTTCAAAA 	0.0
DME_AAAATAACTTAAAATC 	0.0
DME_GTRRTAAMAATA 	0.0
DECOD_Motif4_8 	0.0
DME_GYKMAHTTYA 	0.0
DME_ACTTCAAA 	0.0
DME_ATGAAAATTA 	0.0
DME_ACAAYAAYVATA 	0.0
DME_AAGACCTAAAAACA 	0.0
gimme_3_BioProspector_w14_3 	0.0
DME_AGCTAAAA 	0.0
DME_TCAAATGT 	0.0
DME_AATGATAAAA 	0.0
DME_AASWTTGAAA 	0.0
DME_CTCTGAAATCTTAA 	0.0
DME_TAAATAATTC 	0.0
DME_AARATTTCAGAG 	0.0
DME_CTTTTGAAGCAAWT 	0.0
DME_KYAMTWATAACA 	0.0
DME_AATAATAATAATAGTG 	0.0
DME_AAATCTTAAAATGC 	0.0
DECOD_Motif1_10 	0.0
DME_AGTAATAATAAYARTA 	0.0
DME_GAAGAACAAAGTTRGT 	0.0
DME_MAAHGAAAATTT 	0.0
DME_AATAACAATA 	0.0
DME_CTACTAATAATAATAA 	0.0
DME_AATRAYAATAMYAATA 	0.0
DME_AAGAGAAA 	0.0
gimme_99_MDmodule_Motif.14.6 	0.0
gimme_72_MDmodule_Motif.14.9 	0.0
DME_ATGTKAAATKAA 	0.0
DME_WAAWAAYAATRRTA 	0.0
gimme_154_MEME_1_w14 	0.0
DME_ACGATATCAATAAT 	0.0
gimme_16_BioProspector_w8_5 	0.0
DME_AATRAAASTRAK 	0.0
DME_CAATAACARTAMCA 	0.0
DME_YGAACTWCAACT 	0.0
DME_TAACWRTMAC 	0.0
DME_CAATAGATTTAC 	0.0
DME_ACRWAAWSAARA 	0.0
DME_TTGAAAGA 	0.0
DME_AYARYAATWWTVATAA 	0.0
DME_AACARTGAGCAATT 	0.0
DME_RRAWRWANGAWRAW 	0.0
DME_GAAGTATAAAAWGT 	0.0
DME_TTCAAATG 	0.0
DME_CAACAATT 	0.0
DME_SAAWAATAAC 	0.0
DME_ATTAATTAAWYAAT 	0.0
DME_ATTTGAAAGAAAAAAA 	0.0
DME_ATAATRATAATAVYAA 	0.0
DME_CCTAAAAA 	0.0
DME_CAAABTGA 	0.0
DME_CCGAACTAATTATAAT 	0.0
DME_ARCAAAAGRM 	0.0
DME_TBGAAATRAA 	0.0
DME_GARTAGMA 	0.0
gimme_97_MDmodule_Motif.14.4 	0.0
DME_CTAACTTAATTAATCA 	0.0
DME_TTTAAVATAAAK 	0.0
DME_TACAAAAATT 	0.0
DME_ATTAAATTGA 	0.0
DME_ACAATAATAA 	0.0
DME_TCKCRAAT 	0.0
DME_TGAAGACCTAAAAACA 	0.0
DME_TAACGATATCAATAAT 	0.0
DME_AAATTARRAAAA 	0.0
DME_AARCHAKMYA 	0.0
DME_AARAATTAATTT 	0.0
DME_GTWYHACTMYTM 	0.0
DME_AAAATTTGAT 	0.0
DME_GAGTTGAATGGAAA 	0.0
gimme_145_MEME_2_w14 	0.0
DME_AKDGAAAAARRD 	0.0
DME_TAATAACTTAAC 	0.0
DME_ATAAATGAAA 	0.0
DME_ATAACAATGATAGT 	0.0
DME_TTTTGAAGTATAAAAW 	0.0
gimme_28_Homer_14_2 	0.0
DME_GCAAATCTTATGAAGA 	0.0
DME_AAAAWCAATAGATTTA 	0.0
DME_AGGAAATATTGAAA 	0.0
DME_GYAATWATAAYRVT 	0.0
gimme_60_Improbizer_AGTGACAA 	0.0
DME_TTTGARAAYA 	0.0
DME_KGAWRARVAWAR 	0.0
DME_ATTTAAATAAAA 	0.0
DME_ACTGAAAT 	0.0
DME_WRTBAGYARTWG 	0.0
DME_WGRAWSAASA 	0.0
DME_AGCTAACTTAATTAAT 	0.0
DME_AATAACAATAACAA 	0.0
DME_MAMAAAACAA 	0.0
gimme_169_Weeder_6 	0.0
DME_HRAARGGAWRRA 	0.0
DME_GAAATCTTAAAATG 	0.0
gimme_161_MEME_8_w14 	0.0
gimme_95_MDmodule_Motif.14.2 	0.0
DME_GAGAAAAA 	0.0
DME_ACTTTTGAAGCAAWTA 	0.0
DME_ATKGAAAAAR 	0.0
DME_SASAGMAAAD 	0.0
DME_ACTACTACTAATAATA 	0.0
DME_TRATAACAMTRR 	0.0
DECOD_Motif10_10 	0.0
DME_GTAATGAA 	0.0
DME_TASTAATAMC 	0.0
DME_AGAWWWYARASA 	0.0
DME_TTAACATAAA 	0.0
DME_AATAATAGTACTAATA 	0.0
DME_AARARGRAKA 	0.0
DME_ABAGCAAA 	0.0
DME_WTRTTGAAATAA 	0.0
gimme_162_MEME_9_w14 	0.0
DME_DAYTTSASARMA 	0.0
DME_WRAGKTGAAR 	0.0
gimme_132_MEME_9_w14 	0.0
DME_AGTRSWRATAAT 	0.0
DME_TWTAKTGAAATA 	0.0
DME_TAYTTCAAAAGC 	0.0
DME_CAACAACAACAACA 	0.0
DME_GGAAATATTGAAAT 	0.0
DME_AAATAATAAATT 	0.0
DME_ATAATRRTGA 	0.0
DME_AAMAATAAMWAT 	0.0
DME_CAAAWRMBRA 	0.0
gimme_61_Improbizer_GATAAGTAATTA 	0.0
gimme_56_Improbizer_TTTTTCCTTTTTT 	0.0
DME_AACAATAATAACAATA 	0.0
DME_BAYTWSARWRAARA 	0.0
DME_TACATCTA 	0.0
DME_AATACAATAA 	0.0
gimme_65_MDmodule_Motif.14.2 	0.0
DME_YMAAAAGSVR 	0.0
DME_AATAGTACTACTACTA 	0.0
DME_TKAAGAAAAWAGAR 	0.0
DME_AATAATAATAATAA 	0.0
DME_RAAACAAAAA 	0.0
gimme_112_MDmodule_Motif.14.9 	0.0
DME_TAGTACTAATAA 	0.0
DME_TAACAMAAMR 	0.0
DME_AASTTAATKAAT 	0.0
DME_AACAATGA 	0.0
DME_TTGAATGGAAAAAGGA 	0.0
DME_ARBARTAGTA 	0.0
DME_RAGAWAAAAA 	0.0
DME_AACGATATCAATAA 	0.0
DME_AWRAMGRAAAAA 	0.0
DME_TRATRGAAAT 	0.0
DME_AAWAGTAVWACW 	0.0
DME_TAAGATTTCAGAGA 	0.0
gimme_24_BioProspector_w14_3 	0.0
DME_AATCTGAT 	0.0
gimme_110_MDmodule_Motif.14.7 	0.0
