gimme_49_Homer_14_1	conserved	Brugia Bm8228 : 36,117,299,330,709,873@36,107,266,292,627,761; C.elegans WBGene00016162 : 333,370,455,470,649,813,945
gimme_96_MDmodule_Motif.14.1	conserved	Brugia Bm4233 : 84,934@56,813; C.elegans WBGene00011462 : 88	Brugia Bm1938 : 372,469,472,665@331,413,416,604; OVOC WBGene00238889 : 366,1064,1067	Brugia Bm5341 : 12,165,168,187,297,300,303,306,309,319,319,322,325,326,328,329,331,332,334,337,352,355,366,369,372,384,387,390,393,433,438,461,464,476,484,496,499,502,514,517,946,949,986,989,1005@12,151,154,173,275,278,281,284,287,297,297,300,303,304,306,307,309,310,312,315,326,329,340,343,346,358,361,364,367,404,407,426,429,441,444,453,456,459,462,465,809,812,849,852,866; C.elegans WBGene00011235 : 190,193,942,945
DME_AAAAATGATA	conserved	Brugia Bm6087 : 40,400,426,964@30,312,335,801; C.elegans WBGene00012149 : 378,398,1062	Brugia Bm6087 : 40,400,426,964@30,312,335,801; OVOC WBGene00247207 : 229,385,402,421,821,974	Brugia Bm4233 : 1016,1033@893,906; C.elegans WBGene00011462 : 1033,1132	Brugia Bm5341 : 267,368,728,958,965,1040@245,342,629,821,828,896; C.elegans WBGene00011235 : 37,106,150,753,972,1111	Brugia Bm1938 : 262,477@240,421; OVOC WBGene00238889 : 477,771
DME_AAATAATCAT	conserved	Brugia Bm8446 : 1132@963; OVOC WBGene00238889 : 784,1132	Brugia Bm4184 : 190,476,1072@156,405,925; OVOC WBGene00240195 : 190,194,1124	Brugia Bm5341 : 206,208,340,855,1009@190,192,318,724,870; OVOC WBGene00238122 : 1013,1103	Brugia Bm1938 : 1109@958; OVOC WBGene00238889 : 730,1109
DME_KAAATGATTR	conserved	Brugia Bm1666 : 875@749; OVOC WBGene00242652 : 627,875
DME_TCTGAAAACCAAAT	ambigous	C_elegans,WBGene00012149	Brugia: 246; C.elegans: 99,835	OVOC,WBGene00247207	Brugia: 246; OVOC: 477,658	C_elegans,WBGene00018569	Brugia: 444; C.elegans: 208	C_elegans,WBGene00016162	Brugia: 710; C.elegans: 808	OVOC,WBGene00246886	Brugia: 710; OVOC: 343	C_elegans,WBGene00009562	Brugia: 1081; C.elegans: 571,795	C_elegans,WBGene00005643	Brugia: 73; C.elegans: 899,1024	OVOC,WBGene00238889	Brugia: 73; OVOC: 996	OVOC,WBGene00237916	Brugia: 1115; OVOC: 816	OVOC,WBGene00244846	Brugia: 44; OVOC: 488,1057	C_elegans,WBGene00011462	Brugia: 1097; C.elegans: 777,802	OVOC,WBGene00246384	Brugia: 1097; OVOC: 957
gimme_177_Weeder_12	conserved	Brugia Bm6362 : 385,542,633,694,1121@321,453,521,575,952; OVOC WBGene00240204 : 449,462,485,509,898,1087,1121	Brugia Bm8228 : 252,303,790,989@219,270,699,860; OVOC WBGene00246886 : 278,303,895,1139
DME_TAGAATGTGAGAAAAA	conserved	Brugia Bm6185 : 877@795; OVOC WBGene00241477 : 881
DME_GTTAGAAA	ambigous	C_elegans,WBGene00008320	Brugia: 436; C.elegans: 224	C_elegans,WBGene00018569	Brugia: 426; C.elegans: 719	OVOC,WBGene00238889	Brugia: 833; OVOC: 572	OVOC,WBGene00247198	Brugia: 584; OVOC: 231
gimme_41_Homer_12_3	conserved	Brugia Bm5341 : 167,170,186,297,300,303,306,309,321,324,327,329,330,332,333,335,336,339,351,354,357,365,368,371,374,389,392,422,432,437,476,484,487,498,501,513,516,946,949,989,1011@153,156,172,275,278,281,284,287,299,302,305,307,308,310,311,313,314,317,325,328,331,339,342,345,348,363,366,395,403,406,441,444,447,455,458,461,464,809,812,852,872; C.elegans WBGene00011235 : 190,193,941
DME_TGCWAAMS	ambigous	OVOC,WBGene00238889	Brugia: 367,523; OVOC: 916	C_elegans,WBGene00016162	Brugia: 625; C.elegans: 243	OVOC,WBGene00238889	Brugia: 268,434; OVOC: 872
gimme_39_Homer_12_1	conserved	Brugia Bm6087 : 508,670,1060,1076@409,534,894,909; C.elegans WBGene00012149 : 1056	Brugia Bm6362 : 316,484,685@266,402,566; OVOC WBGene00240204 : 484
DME_SRRAAGTYWR	ambigous	OVOC,WBGene00247198	Brugia: 714; OVOC: 650	OVOC,WBGene00242652	Brugia: 1142; OVOC: 50	OVOC,WBGene00236985	Brugia: 881; OVOC: 216
DME_TTAGAATTAA	conserved	Brugia Bm1937 : 445,913@393,787; OVOC WBGene00238889 : 158,451
gimme_99_MDmodule_Motif.14.4	ambigous	C_elegans,WBGene00016162	Brugia: 424,424,426,426,428,428,430,430,437,437; C.elegans: 137
DME_AAGAASAG	conserved	Brugia Bm6185 : 988@864; OVOC WBGene00241477 : 991,1078
DME_WARARTGTRM	ambigous	C_elegans,WBGene00018569	Brugia: 159; C.elegans: 29	C_elegans,WBGene00011235	Brugia: 790,1040; C.elegans: 159	OVOC,WBGene00238122	Brugia: 790,1040; OVOC: 173	C_elegans,WBGene00016162	Brugia: 132; C.elegans: 981	OVOC,WBGene00246886	Brugia: 132; OVOC: 811	C_elegans,WBGene00009562	Brugia: 942; C.elegans: 111,132,430	OVOC,WBGene00236985	Brugia: 942; OVOC: 84,745,1127	C_elegans,WBGene00009942	Brugia: 142,697; C.elegans: 237,571,625	C_elegans,WBGene00005643	Brugia: 959; C.elegans: 356,573	C_elegans,WBGene00018765	Brugia: 452; C.elegans: 918	C_elegans,WBGene00021043	Brugia: 14,471,522,580,625,671; C.elegans: 264	OVOC,WBGene00244846	Brugia: 14,471,522,580,625,671; OVOC: 504
DECOD_Motif1_10	conserved	Brugia Bm6642 : 201,542,560,1108@175,498,514,941; OVOC WBGene00247198 : 1096,1101	Brugia Bm4184 : 257,745@219,639; OVOC WBGene00240195 : 215,316,431,452,745,770,891	Brugia Bm1120 : 120@95; OVOC WBGene00249079 : 122,932	Brugia Bm3942 : 583,895@494,751; C.elegans WBGene00009562 : 600,889
DME_SMSTSATYHR	conserved	Brugia Bm1120 : 865@716; OVOC WBGene00249079 : 381,864
DME_AGAAAATTAT	conserved	Brugia Bm4184 : 891,907@754,769; OVOC WBGene00240195 : 437,525,892	Brugia Bm4233 : 575,1038,1109@491,911,967; OVOC WBGene00246384 : 538,575,994
DME_ACAATAATATCCGTTC	ambigous	OVOC,WBGene00238889	Brugia: 101,458; OVOC: 575	OVOC,WBGene00236985	Brugia: 12; OVOC: 197,651	C_elegans,WBGene00008320	Brugia: 614,1114; C.elegans: 16
DME_TGACAAAT	conserved	Brugia Bm4184 : 328,407@287,358; OVOC WBGene00240195 : 325,683
DME_AATAATCAAAATGG	conserved	Brugia Bm1666 : 689@622; OVOC WBGene00242652 : 689	Brugia Bm6198 : 490,543,598,640,686,942@437,479,521,563,605,823; OVOC WBGene00244846 : 282,461,551	Brugia Bm6185 : 110,163@107,159; C.elegans WBGene00012257 : 116
DME_YTGYAAAATA	conserved	Brugia Bm6087 : 167,200,264,696,1049@103,130,193,560,885; OVOC WBGene00247207 : 158,621,1105
DME_TGAAGTAA	conserved	Brugia Bm4316 : 839@719; OVOC WBGene00237916 : 839
DME_TCAAATCA	conserved	Brugia Bm6185 : 1141@981; OVOC WBGene00241477 : 1141	Brugia Bm1938 : 528@472; OVOC WBGene00238889 : 528
DME_CAAWKTAAAA	conserved	Brugia Bm6087 : 261,533,967,1069,1108@190,434,804,903,937; OVOC WBGene00247207 : 241,528,689,828,835	Brugia Bm8228 : 652,704@584,622; C.elegans WBGene00016162 : 273,374,466,469,650,653
DME_TGAATTTCTGAAAACC	ambigous	C_elegans,WBGene00008320	Brugia: 1035; C.elegans: 421	OVOC,WBGene00249079	Brugia: 1035; OVOC: 346	OVOC,WBGene00246886	Brugia: 140; OVOC: 218,470	C_elegans,WBGene00011462	Brugia: 518,684; C.elegans: 55	OVOC,WBGene00241477	Brugia: 478,648; OVOC: 391
DME_GGAAAAAT	ambigous	C_elegans,WBGene00012983	Brugia: 1120; C.elegans: 86,173,772	OVOC,WBGene00247198	Brugia: 1120; OVOC: 511	C_elegans,WBGene00018569	Brugia: 396,638,1079; C.elegans: 804	C_elegans,WBGene00000776	Brugia: 903; C.elegans: 432	OVOC,WBGene00242652	Brugia: 903; OVOC: 585	C_elegans,WBGene00009942	Brugia: 911; C.elegans: 270	OVOC,WBGene00240204	Brugia: 911; OVOC: 1070	C_elegans,WBGene00005643	Brugia: 609; C.elegans: 404	OVOC,WBGene00238889	Brugia: 609; OVOC: 189,665,800	C_elegans,WBGene00011462	Brugia: 103; C.elegans: 1030	C_elegans,WBGene00012257	Brugia: 468; C.elegans: 165	OVOC,WBGene00241477	Brugia: 468; OVOC: 31
DME_TAAGTTAAAA	ambigous	C_elegans,WBGene00008320	Brugia: 489,504; C.elegans: 86	OVOC,WBGene00249079	Brugia: 489,504; OVOC: 163,699	OVOC,WBGene00247207	Brugia: 370; OVOC: 689,1081	C_elegans,WBGene00018569	Brugia: 128,200,578,926; C.elegans: 92,111	OVOC,WBGene00240195	Brugia: 128,200,578,926; OVOC: 703,1019	C_elegans,WBGene00011235	Brugia: 19; C.elegans: 290,452	OVOC,WBGene00238122	Brugia: 19; OVOC: 887	C_elegans,WBGene00011462	Brugia: 496; C.elegans: 209	OVOC,WBGene00242652	Brugia: 532; OVOC: 35,52	OVOC,WBGene00236985	Brugia: 688,729; OVOC: 523	C_elegans,WBGene00009942	Brugia: 498; C.elegans: 834	OVOC,WBGene00240204	Brugia: 498; OVOC: 303,347	OVOC,WBGene00244846	Brugia: 133,819; OVOC: 115,1041	OVOC,WBGene00247198	Brugia: 241; OVOC: 591,1084	C_elegans,WBGene00005643	Brugia: 23,254; C.elegans: 157	OVOC,WBGene00238889	Brugia: 23,254; OVOC: 100
DME_GACAATTT	ambigous	C_elegans,WBGene00005643	Brugia: 1063; C.elegans: 325	C_elegans,WBGene00011511	Brugia: 262; C.elegans: 499	C_elegans,WBGene00005643	Brugia: 1039; C.elegans: 303	OVOC,WBGene00240204	Brugia: 250; OVOC: 707	C_elegans,WBGene00018765	Brugia: 519; C.elegans: 31,665	OVOC,WBGene00237916	Brugia: 519; OVOC: 563
gimme_175_Weeder_10	conserved	Brugia Bm1937 : 97,97,136,136,427,427,449,449,766,766,1099,1099@84,84,116,116,377,377,397,397,666,666,950,950; OVOC WBGene00238889 : 449,449
DME_GAGAAKKA	ambigous	C_elegans,WBGene00008320	Brugia: 1020,1088; C.elegans: 643	C_elegans,WBGene00011235	Brugia: 652; C.elegans: 1116	OVOC,WBGene00242652	Brugia: 843; OVOC: 817,1164	C_elegans,WBGene00021043	Brugia: 1003; C.elegans: 161
DME_TTATAAACAA	conserved	Brugia Bm4184 : 36,937,1154@24,799,986; OVOC WBGene00240195 : 937
DME_TTCTGAAAACCAAATG	ambigous	OVOC,WBGene00238889	Brugia: 72; OVOC: 995	C_elegans,WBGene00011462	Brugia: 1096; C.elegans: 302,776	OVOC,WBGene00246384	Brugia: 1096; OVOC: 898
gimme_94_MDmodule_Motif.14.9	conserved	Brugia Bm1666 : 1096@926; OVOC WBGene00242652 : 1096
DME_TSAWCAGA	conserved	Brugia Bm1666 : 1138@966; OVOC WBGene00242652 : 1138	Brugia Bm1938 : 502@446; OVOC WBGene00238889 : 502,803
DME_ATATGTAAACGT	conserved	Brugia Bm1120 : 515@412; C.elegans WBGene00008320 : 509,836	Brugia Bm1938 : 712@644; OVOC WBGene00238889 : 714
DME_AMAAARCATT	conserved	Brugia Bm8446 : 17,162,176,212,270@14,145,159,188,241; OVOC WBGene00238889 : 174	Brugia Bm6362 : 209,504,1043@173,419,875; C.elegans WBGene00009942 : 208,250,838	Brugia Bm6642 : 442,471,686,1125@406,433,625,956; C.elegans WBGene00012983 : 406,420,471,525,588
DME_MMAAATAATYRK	conserved	Brugia Bm4184 : 190,471,1072@156,403,925; OVOC WBGene00240195 : 190,194	Brugia Bm6185 : 42@41; OVOC WBGene00241477 : 35,461
DME_GAATGAATGACK	ambigous	OVOC,WBGene00238889	Brugia: 1040; OVOC: 487	OVOC,WBGene00238889	Brugia: 1016,1043; OVOC: 460	OVOC,WBGene00238889	Brugia: 883; OVOC: 488
gimme_77_MDmodule_Motif.14.2	conserved	Brugia Bm6087 : 16,18,20,22,24,34,36,390,392,396,398,400@14,16,18,20,22,24,26,304,306,308,310,312; OVOC WBGene00247207 : 227,229,390,392,396,398,400
DME_AACTCAAA	ambigous	OVOC,WBGene00242652	Brugia: 280; OVOC: 1197
DME_GTAAAATATT	conserved	Brugia Bm6642 : 7@5; OVOC WBGene00247198 : 10	Brugia Bm6087 : 138,165,342,681,1051@81,101,263,545,887; OVOC WBGene00247207 : 160	Brugia Bm4184 : 124,550,1029,1076@97,464,883,928; C.elegans WBGene00018569 : 117,179,801	Brugia Bm4233 : 1003,1039@880,912; OVOC WBGene00246384 : 995
gimme_60_Improbizer_ATAGTAGCATT	ambigous	C_elegans,WBGene00012149	Brugia: 613; C.elegans: 1011	OVOC,WBGene00242652	Brugia: 639; OVOC: 1101	C_elegans,WBGene00009942	Brugia: 458,1043; C.elegans: 87	C_elegans,WBGene00016162	Brugia: 595; C.elegans: 151
DME_AATWWGARCR	ambigous	C_elegans,WBGene00011462	Brugia: 534,648; C.elegans: 34	OVOC,WBGene00242652	Brugia: 117,1150; OVOC: 729	OVOC,WBGene00236985	Brugia: 1075; OVOC: 687	OVOC,WBGene00238889	Brugia: 253; OVOC: 276,427	OVOC,WBGene00238889	Brugia: 629; OVOC: 310,466
DME_TTGATCAA	ambigous	C_elegans,WBGene00012983	Brugia: 997; C.elegans: 139,139	C_elegans,WBGene00012149	Brugia: 325; C.elegans: 715	OVOC,WBGene00247207	Brugia: 325; OVOC: 491	C_elegans,WBGene00018569	Brugia: 262; C.elegans: 358	C_elegans,WBGene00009942	Brugia: 897,897; C.elegans: 644	OVOC,WBGene00240204	Brugia: 897,897; OVOC: 135,135,731,731	C_elegans,WBGene00005643	Brugia: 872,872; C.elegans: 902,929
DME_TTYMWTYAMTAC	ambigous	C_elegans,WBGene00008320	Brugia: 26; C.elegans: 927	OVOC,WBGene00240195	Brugia: 368; OVOC: 1166	OVOC,WBGene00242652	Brugia: 101,649; OVOC: 538,935	C_elegans,WBGene00012257	Brugia: 83,248; C.elegans: 568	OVOC,WBGene00241477	Brugia: 83,248; OVOC: 23	OVOC,WBGene00246384	Brugia: 610,685; OVOC: 1114
gimme_20_BioProspector_w12_2	conserved	Brugia Bm4233 : 85,573,935,999,1036,1106@57,489,814,877,909,965; C.elegans WBGene00011462 : 89	Brugia Bm4233 : 85,573,935,999,1036,1106@57,489,814,877,909,965; OVOC WBGene00246384 : 502,509,530,814,820,873,972,973,975,976,979,982,992	Brugia Bm1938 : 373,473,666@332,417,605; OVOC WBGene00238889 : 257,367,1065,1068	Brugia Bm5341 : 7,13,166,169,188,298,301,304,307,310,320,320,323,326,327,329,330,332,333,335,338,353,356,367,373,394,434,462,477,485,497,500,503,515,518,947,950,987,990@7,13,152,155,174,276,279,282,285,288,298,298,301,304,305,307,308,310,311,313,316,327,330,341,347,368,405,427,442,445,454,457,460,463,466,810,813,850,853; C.elegans WBGene00011235 : 191,194,946,950
gimme_19_BioProspector_w12_1	conserved	Brugia Bm5341 : 9,165,168,187,296,299,302,305,308,311,318,321,322,325,328,328,331,331,334,334,337,340,352,355,366,372,390,393,433,478,486,489,496,499,502,514,517,563,945,948,1010@9,151,154,173,274,277,280,283,286,289,296,299,300,303,306,306,309,309,312,312,315,318,326,329,340,346,364,367,404,443,446,449,453,456,459,462,465,497,808,811,871; C.elegans WBGene00011235 : 189,192,945	Brugia Bm5341 : 9,165,168,187,296,299,302,305,308,311,318,321,322,325,328,328,331,331,334,334,337,340,352,355,366,372,390,393,433,478,486,489,496,499,502,514,517,563,945,948,1010@9,151,154,173,274,277,280,283,286,289,296,299,300,303,306,306,309,309,312,312,315,318,326,329,340,346,364,367,404,443,446,449,453,456,459,462,465,497,808,811,871; OVOC WBGene00238122 : 1010,1100	Brugia Bm1938 : 375,665@334,604; OVOC WBGene00238889 : 368,1066,1069	Brugia Bm1937 : 555,656,860@486,573,743; C.elegans WBGene00005643 : 652
DME_TYTRCMSAAA	conserved	Brugia Bm1937 : 364@322; C.elegans WBGene00005643 : 364,498
DME_GAATAAAC	ambigous	C_elegans,WBGene00012983	Brugia: 240; C.elegans: 419,470,524,584
DME_SHKVAATGKT	conserved	Brugia Bm8228 : 667,968,1007@592,839,876; C.elegans WBGene00016162 : 665
DME_YTTAAAWAWGAA	conserved	Brugia Bm1666 : 630,1152,1158@588,980,986; OVOC WBGene00242652 : 255,1152	Brugia Bm3942 : 683,736,1098@561,611,943; OVOC WBGene00236985 : 1095,1138	Brugia Bm4316 : 10@10; OVOC WBGene00237916 : 16,200	Brugia Bm1937 : 157,237,429,435,625,972,1007@137,202,379,385,542,827,860; C.elegans WBGene00005643 : 126,441
DME_MTMARAACRA	conserved	Brugia Bm1938 : 475,527,663@419,471,602; OVOC WBGene00238889 : 527,663
DME_CAAAATGA	ambigous	OVOC,WBGene00249079	Brugia: 663,901; OVOC: 207	C_elegans,WBGene00005643	Brugia: 241; C.elegans: 125	OVOC,WBGene00247198	Brugia: 172; OVOC: 841	C_elegans,WBGene00000776	Brugia: 57; C.elegans: 469	OVOC,WBGene00242652	Brugia: 57; OVOC: 430,1064	C_elegans,WBGene00018765	Brugia: 377; C.elegans: 469
DME_AYMAACWRAS	conserved	Brugia Bm1666 : 1116,1137@944,965; OVOC WBGene00242652 : 1137
DME_AACATTTACCCAAATA	ambigous	C_elegans,WBGene00016162	Brugia: 619,630; C.elegans: 39,910	OVOC,WBGene00246886	Brugia: 619,630; OVOC: 43,60,328,780	OVOC,WBGene00240204	Brugia: 552; OVOC: 415	OVOC,WBGene00237916	Brugia: 549,641; OVOC: 1127	OVOC,WBGene00244846	Brugia: 454,502,553,608,651,696,865; OVOC: 232	C_elegans,WBGene00005643	Brugia: 789; C.elegans: 362,856
DME_ATTAATAGAA	conserved	Brugia Bm4233 : 614,974,1102@528,853,961; OVOC WBGene00246384 : 513,569,881,980
DME_CAKTRRCA	ambigous	OVOC,WBGene00247198	Brugia: 1100; OVOC: 300	OVOC,WBGene00246886	Brugia: 851; OVOC: 1119	OVOC,WBGene00240204	Brugia: 736; OVOC: 393	C_elegans,WBGene00011462	Brugia: 656; C.elegans: 973	OVOC,WBGene00246384	Brugia: 656; OVOC: 204
DME_AATCATTC	ambigous	OVOC,WBGene00236985	Brugia: 176; OVOC: 779	C_elegans,WBGene00009942	Brugia: 832,928,1116; C.elegans: 959	C_elegans,WBGene00018765	Brugia: 409,1058,1127; C.elegans: 490
DME_KARCMKTHAT	ambigous	C_elegans,WBGene00000776	Brugia: 647; C.elegans: 697,1041	C_elegans,WBGene00009562	Brugia: 109; C.elegans: 640	OVOC,WBGene00236985	Brugia: 109; OVOC: 376	C_elegans,WBGene00009942	Brugia: 775; C.elegans: 653,959	OVOC,WBGene00237916	Brugia: 363,548,584; OVOC: 109	OVOC,WBGene00247198	Brugia: 890,1073; OVOC: 536
DME_YCATYCAW	ambigous	OVOC,WBGene00247198	Brugia: 284; OVOC: 34	OVOC,WBGene00240195	Brugia: 973; OVOC: 885	C_elegans,WBGene00000776	Brugia: 424; C.elegans: 851	OVOC,WBGene00242652	Brugia: 424; OVOC: 809	OVOC,WBGene00238889	Brugia: 685; OVOC: 1105	OVOC,WBGene00240204	Brugia: 1118; OVOC: 195,205,718	OVOC,WBGene00244846	Brugia: 907,911,915; OVOC: 772,988
DME_GTACAATT	ambigous	C_elegans,WBGene00016162	Brugia: 612; C.elegans: 147
gimme_107_MDmodule_Motif.14.2	conserved	Brugia Bm6087 : 16,18,20,22,24,34,36,390,392,396,398,400@14,16,18,20,22,24,26,304,306,308,310,312; OVOC WBGene00247207 : 227,229,390,392,396,398,400
DME_AATGAATTAT	conserved	Brugia Bm1666 : 265@263; OVOC WBGene00242652 : 261	Brugia Bm4316 : 384,872@331,748; C.elegans WBGene00018765 : 393	Brugia Bm6198 : 106,206@100,195; OVOC WBGene00244846 : 197,1063
DME_AAATGGAA	ambigous	C_elegans,WBGene00012149	Brugia: 61; C.elegans: 398,1177	C_elegans,WBGene00018569	Brugia: 568,1083; C.elegans: 878	C_elegans,WBGene00000776	Brugia: 359; C.elegans: 1089	C_elegans,WBGene00009942	Brugia: 891,984; C.elegans: 274,1025
DME_AAAGTAATMAWT	conserved	Brugia Bm4184 : 317,585,620,905,926,1071@276,494,519,767,788,924; OVOC WBGene00240195 : 32,50,70,927,1016	Brugia Bm5341 : 8,17,309,316,339,735,1008@8,17,287,294,317,636,869; OVOC WBGene00238122 : 1009	Brugia Bm1937 : 63,140,264,652,917,941,1089@55,120,229,569,790,806,942; C.elegans WBGene00005643 : 489,653	Brugia Bm1937 : 63,140,264,652,917,941,1089@55,120,229,569,790,806,942; OVOC WBGene00238889 : 646,776,797	Brugia Bm8228 : 7,98,376,1061,1076@7,94,336,924,936; OVOC WBGene00246886 : 88,570,776,1062
DME_CTTMARAATA	ambigous	C_elegans,WBGene00012983	Brugia: 954,1109; C.elegans: 98	OVOC,WBGene00247198	Brugia: 954,1109; OVOC: 902,1097	C_elegans,WBGene00011511	Brugia: 283; C.elegans: 745	OVOC,WBGene00242652	Brugia: 142,933; OVOC: 73	C_elegans,WBGene00008320	Brugia: 6,951; C.elegans: 540	C_elegans,WBGene00009942	Brugia: 1094; C.elegans: 256	OVOC,WBGene00246384	Brugia: 642; OVOC: 32	OVOC,WBGene00238122	Brugia: 921; OVOC: 331	C_elegans,WBGene00021043	Brugia: 91; C.elegans: 362,403	OVOC,WBGene00244846	Brugia: 91; OVOC: 1031
DME_TAATAATCAAAATG	conserved	Brugia Bm1666 : 688@621; OVOC WBGene00242652 : 688
DME_AAGAAAATTA	conserved	Brugia Bm4184 : 575,672,890,906@484,571,753,768; OVOC WBGene00240195 : 438,526,891
