1109 feature  	 square of weight value
DME_AATAATARTRRYRA 	0.000363529321193
gimme_137_MEME_8_w10 	0.000240612404158
DME_AWTGASCA 	0.000215321542945
DME_CTTCAAAA 	0.000214437013472
gimme_32_Homer_12_1 	0.000195937193919
DME_MAAWTGYKSA 	0.000157098786718
DME_AARTAAKAATAA 	0.000134319712417
DME_AAAAGGAA 	0.000128163794724
DME_ARVAATWGTAMT 	0.00011643025883
DME_TGTTCAAA 	0.000114757949733
DME_TGAAAATCAATAGATT 	0.000106319474515
DME_AAASGAAS 	8.52366769903e-05
DME_TTAAATGAAT 	8.07602246098e-05
DME_CAACKAYT 	7.5213784074e-05
gimme_153_MEME_4_w14 	7.2682797621e-05
DME_MRTWTTKAMGVAAA 	6.63170014344e-05
DME_ATAACTTARM 	6.22985796672e-05
DME_AAAGARGCACTTTTGT 	5.62326929351e-05
DME_TTGAAGAM 	5.51784493794e-05
DME_GATAGAAA 	5.47359715999e-05
DME_MTTAAGAAAATAGA 	5.19477446059e-05
DECOD_Motif5_10 	5.01076201481e-05
DME_AGATTAAAAT 	4.26673096027e-05
DME_ATGAATGRATGAATGA 	4.23674178898e-05
DME_TCRTYTSMAW 	4.23510971094e-05
DME_TCHAWYCAWM 	4.09180302856e-05
DME_AGTRMWACWA 	3.82207625067e-05
DME_GAATGGAAAAAGGA 	3.74783257694e-05
DME_TACAAAGCTAACTTAA 	3.31654872716e-05
DME_AAAAGTTATT 	3.26020214371e-05
DME_AATTGTCA 	3.17331984383e-05
DME_CAAATTTTAA 	3.0945652028e-05
DME_AAAAKRCG 	3.08186248083e-05
DME_CTAAAATG 	3.01424243275e-05
DME_TAATTTCTACCAGA 	2.89633824708e-05
DME_CAAATAWTDYMG 	2.88970095292e-05
DME_AATAAATTTG 	2.81688672841e-05
DME_TATCAGAA 	2.77067015678e-05
DME_MRCAATNTATCM 	2.76494573722e-05
DME_AAKAASMAWG 	2.73279277343e-05
DME_TCAAARKTTA 	2.70595339818e-05
DME_TAATAATAATAA 	2.68612179516e-05
gimme_14_BioProspector_w14_2 	2.60308996435e-05
DME_AGCAAATA 	2.59606028929e-05
gimme_108_Improbizer_TCATTTCAAT 	2.44213417268e-05
DME_AAAAMWKTTTCT 	2.42023663057e-05
DME_GAGATGAAAAAATGGC 	2.4071812363e-05
DME_TGMAAGAWRA 	2.39411767167e-05
DME_GTGATAAA 	2.22972523002e-05
DME_AAAGAATG 	2.18466979604e-05
DME_AMTACTRATA 	2.12459694959e-05
DME_AAMAACAAYW 	2.02121274737e-05
DME_ATTTCTCGACCAAA 	1.95912033289e-05
DME_ATTTCAGA 	1.92402652322e-05
DME_TAACARTGAGCAATTG 	1.8706570204e-05
DME_TTAAMATGYA 	1.85251947613e-05
DME_RGAAAAAGGAAGAACA 	1.8485845644e-05
DME_WBKAMAAAVGAA 	1.84540867491e-05
DME_TGACAAAT 	1.79126761135e-05
DME_CTATCAAT 	1.75363247079e-05
DME_ABARTRACAATA 	1.74690991017e-05
DECOD_Motif2_10 	1.7218919145e-05
DME_AATAAATATG 	1.71449042501e-05
DME_AGTAATAATA 	1.7063478047e-05
DME_ATTKAAATAWWAAA 	1.70571165672e-05
DME_CAACAACAACAACAAC 	1.66351897839e-05
DME_TMKTAAAAATTRAA 	1.65622035408e-05
DME_GAAAGAAA 	1.63011672187e-05
DME_TTCTCGACCAAAYT 	1.62953202229e-05
DME_TKGADRTGAW 	1.62175748961e-05
DME_RSSAAKTGTM 	1.60991675219e-05
DME_AATGGAAAAAGGAA 	1.53974900374e-05
DME_GTGRYAAT 	1.53774959038e-05
DME_RAGAAWAGMA 	1.53756167015e-05
DME_RRARATSAMA 	1.51320864524e-05
DME_TTGATCAA 	1.50923964545e-05
DME_TCYATYSA 	1.48936619586e-05
DME_CHRATAATAATA 	1.46910561354e-05
DME_WABKGAAAAARR 	1.44318610703e-05
DME_AAWKTTWATRAATK 	1.39336882791e-05
DME_AATTAATTAATTAATT 	1.39331625192e-05
DME_VKBKCAAATM 	1.38027449692e-05
DME_ATAATAAWAWCA 	1.36558734578e-05
DME_AAACAAAATT 	1.35393572769e-05
DME_TTTGTAAAAA 	1.34911405468e-05
DME_AAARAWTGAA 	1.3237668527e-05
DME_AACGATTT 	1.30497942337e-05
DME_WNTKKRAAARGG 	1.28344401563e-05
DME_ACAATTTC 	1.26916587315e-05
DME_AAAGMAAC 	1.26756961915e-05
DME_GMYHAAWYTWMWMA 	1.2588990248e-05
DME_TAACAATAACAATAGT 	1.23788339724e-05
DME_RGGAAAKA 	1.21763356023e-05
gimme_143_MEME_4_w12 	1.2151406382e-05
DME_AAATTAATTAAT 	1.19902920149e-05
DME_AACARTGAGCAATTGT 	1.19730605619e-05
DME_AAAAGGAAGAACAA 	1.14953287982e-05
DME_TAAAATTTGA 	1.14369553897e-05
DME_TTTGAAAAAT 	1.10500221637e-05
DME_KAWAMMGG 	1.10283470706e-05
DME_AAATTTGAAT 	1.07150609426e-05
DME_TTCTTAAAAA 	1.0707380411e-05
DME_TSAAAARTTAMT 	1.06126399731e-05
DECOD_Motif4_10 	1.05999417303e-05
DME_ATAAAATTTC 	1.05384298951e-05
DME_GAATGGAAAAAGGAAG 	1.04095851354e-05
DME_AYAABAAYRAYA 	1.02799219365e-05
DME_MAATASTACTACTA 	1.01981036735e-05
DME_CWTYTYCA 	9.40233144227e-06
DME_TAYTACYAAT 	9.19475426803e-06
DME_TRATAATRRCAM 	9.15780197422e-06
DME_AACTTAACARTGAG 	9.13184296368e-06
DME_TGMKAAAASA 	9.114336422e-06
DME_TGAGAAAA 	9.06899643872e-06
DME_TTTAYWMTTYAWAA 	8.87019985117e-06
DME_TAAATGAATA 	8.7909883734e-06
DME_AAAGTGAT 	8.49987900564e-06
DME_WAACAAYAGY 	8.37575951755e-06
DME_AGANWTBARASA 	8.34714040053e-06
DME_GATGAAAT 	8.22089495644e-06
DME_TGAAATAATA 	8.20783422497e-06
DME_CAAAAAGT 	8.169143394e-06
DME_MTYCAAAARY 	8.0609837468e-06
DME_AAGAATAG 	7.70436653509e-06
DME_CAAAAGVAAN 	7.69550192718e-06
DME_MATYCAWC 	7.49810641222e-06
DME_AAAAGAATTT 	7.45911314984e-06
DME_AATTTAACMAAW 	7.35271839791e-06
DME_RCAAAAATKA 	7.30777622185e-06
DME_AGARGCACTTTT 	7.26900144946e-06
DME_CATTATCA 	7.0743305549e-06
DME_GAAGCAAWTARATGTA 	7.06657731073e-06
DME_ATATTRAAATAA 	6.9398749306e-06
DME_TTAACAMTKA 	6.85532086283e-06
DME_YRNWCTTCAA 	6.80454866328e-06
DME_ACYKAVCAAT 	6.76281822285e-06
DME_TGAAAATCAATAGA 	6.74715674815e-06
DME_AAAAATTAATTT 	6.52564915421e-06
DME_CTTTTGAAGTATAAAA 	6.4142685416e-06
gimme_12_BioProspector_w12_5 	6.40959393263e-06
DME_YWWYCATYYA 	6.37484240847e-06
DME_CAAATTTG 	6.30752944672e-06
DME_AAYKTTTGAA 	6.29412270103e-06
DME_TTGCTATTCCCAAAAA 	6.28204301337e-06
DME_AGATGAAAAAATGGCG 	6.1449839839e-06
DME_CMBWWSMRTYYA 	6.14318552128e-06
DME_GAAAAAGGAAGAAC 	6.14056196419e-06
DME_MWCADCAAMAAH 	6.01749212305e-06
DME_YTAAMWTAADTAAT 	5.94692723307e-06
DME_YWATAACTTAAC 	5.83317531008e-06
DME_TTAAGAAAAT 	5.80415772078e-06
DME_GGAGATGAAAAAATGG 	5.68311543367e-06
DME_ATAATAMTARTADM 	5.6341511537e-06
DME_TTTWKAAAMTAAAV 	5.56854405801e-06
DECOD_Motif2_8 	5.34825465689e-06
DME_RWDGAAGMAS 	5.33476361025e-06
DME_CGACCAAAYTTCAAAA 	5.30402884012e-06
DME_TTCAASYTWHAA 	5.28881143628e-06
DME_TCAAATCA 	5.27907504104e-06
DME_RTMAAATTAAAA 	5.24017894564e-06
DME_TTCMRBYSAA 	5.22776038624e-06
DME_AWCAATAGATTTAC 	5.20294452902e-06
DME_TTTAYAAAAATT 	5.12617766836e-06
DME_AACRAAAAAA 	5.0748445985e-06
DME_GGAAAAAA 	5.05950209821e-06
DME_GAAAGAWAAH 	5.02289937814e-06
DME_AAGTAATG 	4.96528904841e-06
DME_AAATCTTAAAATGCAG 	4.86191523125e-06
DME_ACAWYGAY 	4.77344594686e-06
DME_TTKRAGMAADYA 	4.76656061255e-06
DECOD_Motif10_10 	4.76656061255e-06
DME_AGCAAAAA 	4.72799743319e-06
DME_GGAAGAACAAAGTT 	4.62703899935e-06
DME_YCRWYWTWCAAK 	4.52260947887e-06
DME_SAAAHGAAAA 	4.44562153276e-06
DME_GATAATAATA 	4.40196190856e-06
DME_MAAAWSRATAVATT 	4.36727477542e-06
DME_AASYGGAA 	4.35258636977e-06
DME_AYRATRATAATG 	4.32341098644e-06
DME_TTTCTCGACCAAAY 	4.21620809652e-06
DECOD_Motif6_8 	4.2053345792e-06
DME_CTKAAADMHTAA 	4.19083760207e-06
DME_TRGTWGARATWW 	4.14391194358e-06
DME_AATTTCTACCAGAA 	4.01713349784e-06
DME_CMMRHTMTCVAK 	4.01713349784e-06
DME_AAAAAAGG 	3.99561029143e-06
DECOD_Motif6_10 	3.97494973728e-06
DME_TKATAATAATAA 	3.93744805009e-06
gimme_16_BioProspector_w14_4 	3.82202879266e-06
DME_KTAATAACTTAACART 	3.77545040576e-06
DME_AAATTAATTC 	3.74125712245e-06
DME_TKAATGAWTK 	3.7146609413e-06
DME_ACYAMTRYTA 	3.66269865333e-06
DME_AATRATAAYAMTAW 	3.66023940609e-06
DME_AAGAAAAATT 	3.60018230113e-06
DME_GTWYHACTHYTA 	3.49921285371e-06
DME_SAAVAARGAA 	3.38483931922e-06
DME_TGCTTCAAAAGTTA 	3.37881483365e-06
DME_RTARTACTAA 	3.33132491577e-06
DME_ATTCAACTCGAGAWAT 	3.28116111192e-06
DME_TTAWACAKTAAA 	3.28116111192e-06
DME_CAYTGTCAAAGTATAA 	3.25387813325e-06
DME_GAARARMRAA 	3.23385920336e-06
DME_CATTTTAGTTTAAAAA 	3.19675243144e-06
DME_ATAGWRMTAATA 	3.18988161376e-06
DME_AAAATTGG 	3.14070102699e-06
DME_CAAATTAATT 	3.13555110471e-06
DME_ATGACAAT 	3.05748362395e-06
DME_ATGTCAAA 	2.98458049535e-06
DME_ACTACTACTAATAA 	2.97685463444e-06
DME_CAACAATA 	2.97495643291e-06
DME_KAAGVAAAKARA 	2.95136338617e-06
DME_AATTTAACAA 	2.87299823164e-06
DME_TAATAATAATAGTG 	2.81195461901e-06
DME_GTAATAAWAAYA 	2.8108814464e-06
DME_AAAGAAAARA 	2.67417162382e-06
DME_TBAAATGAAT 	2.67074754885e-06
DME_TCAAAGTATAAAAG 	2.60352799921e-06
DME_ATTAAATTGA 	2.59957204369e-06
DME_GAAADYGC 	2.54396783186e-06
DME_DTTYAARCKA 	2.42146363949e-06
DME_CTTTTGAAGCAAWTAR 	2.41034966284e-06
DME_AGTTTAAAAA 	2.36740772202e-06
DME_KCAMATCT 	2.35734615116e-06
DME_TYMATTYAWC 	2.34826342146e-06
DME_AGCTAACTTAATTAAT 	2.26724910968e-06
DME_ATAAATTAATAT 	2.22820141603e-06
DME_ACAAKYYRTS 	2.21957922394e-06
DME_AAAGTAATAA 	2.21501996622e-06
DME_CAAAGTATWAAAGACG 	2.21028177155e-06
DME_TATTTCTCGACCAAAY 	2.20027777778e-06
DME_TTAAACATTA 	2.1993351046e-06
DME_TATATTSAAATM 	2.14840664768e-06
DME_ATAACTTAACARTGAG 	2.12446682975e-06
DME_AWGWAAAAAATA 	2.09994311163e-06
DME_TACTACTAATAATAAT 	2.08949677948e-06
DME_TTTAAGAAAA 	2.05642215521e-06
DME_ACTTTTGAAGCAAWTA 	2.05398284933e-06
DME_TATATTGAAATAATAA 	1.99029734595e-06
DME_GRRTAGYAAD 	1.91464358865e-06
DME_ACYAATWATAAT 	1.88312735992e-06
DME_GTAAAAGA 	1.86259448981e-06
DME_GTTGAATGGAAAAAGG 	1.84565312545e-06
DME_GTTCAAAT 	1.80525836367e-06
gimme_44_Homer_12_1 	1.80508804262e-06
DME_ATWACTTAACARTG 	1.79260183397e-06
DME_TGTRACAA 	1.78539266571e-06
DME_AWAASAATGA 	1.78010442629e-06
DME_ATTAAAAATTAA 	1.74950629134e-06
DME_AMAGBAAVAAYW 	1.6740617918e-06
DME_AAAAYATTTTCTTAAA 	1.67385393253e-06
DME_CAAAAGTTAATRAA 	1.65096041836e-06
DME_RYTTYAKARAAA 	1.62496100532e-06
DME_CTACTACTAATAATAA 	1.62403627612e-06
DME_CAAAATTTTA 	1.59977097179e-06
DME_AAGAATGA 	1.53514049105e-06
DME_RTWTCHMYCASW 	1.52797067901e-06
DME_ATAATAATAATACTAA 	1.52328005805e-06
DME_VAAACGAA 	1.49119814536e-06
DME_RAKAGAAATT 	1.47116068289e-06
DME_AAWRARTVAAWRAA 	1.46225927457e-06
DME_TCTGAAAA 	1.45829382752e-06
DME_CGAYARAA 	1.45829382752e-06
DME_TAATAATAAC 	1.4510394302e-06
DME_ARTAKTRGTA 	1.4510394302e-06
DME_AAAAAGGAAGAACA 	1.44616805922e-06
DME_TMGAGAAA 	1.43098190542e-06
DME_AACARTGAGCAATT 	1.42077885842e-06
DME_TTVRKAGMMAAA 	1.36694125968e-06
gimme_106_Improbizer_ATATATCATTAA 	1.35974220517e-06
DME_TTAATTTCTACCAGAA 	1.3572737718e-06
DME_AACTTAACARTGAGCR 	1.35258706338e-06
DME_TAHTACWAATAA 	1.34765594959e-06
gimme_103_Improbizer_AAGTGATAATAATAA 	1.3433544257e-06
DME_KRATRATGATAA 	1.3429429796e-06
DME_TCAGAKAM 	1.33727793887e-06
DME_GAAATGAA 	1.33727793887e-06
DME_GTTGAAGACCTAAAAA 	1.33727793887e-06
DME_AGAATGAB 	1.32567323217e-06
DME_TAGTACTAATAATAAT 	1.32220285907e-06
DME_ACTGCATTTTAAGA 	1.2934683957e-06
DME_TAGWACTAATAATA 	1.2934683957e-06
DME_TBRAVTDKAAAAAS 	1.27451263658e-06
DME_GHAAAAGWAA 	1.19920614066e-06
DME_AAATATTTGA 	1.19164015314e-06
DECOD_Motif1_8 	1.15536535275e-06
DME_ACAMTTTATY 	1.15536535275e-06
DME_AAAATATTTG 	1.15223216002e-06
DME_AATAKTWCYAAT 	1.14770125879e-06
DME_ARAAAAYGAA 	1.13853792289e-06
DME_CARATTGA 	1.13065236972e-06
DME_YYRAAATVWTMAAA 	1.07126651682e-06
DME_TTAGGAAA 	1.04470349359e-06
DME_RAAACAAAAA 	1.04470349359e-06
DME_RACAWWVARSAA 	1.04470349359e-06
DME_ATWWTGATGA 	1.00428337446e-06
DME_GTCAAAGTATAAAA 	9.41542837047e-07
DME_TKAARAAAATAR 	9.41542837047e-07
DME_GARTAGYA 	9.28665235325e-07
DME_GATCAAAT 	9.28665235325e-07
DME_AKATCARATT 	9.28665235325e-07
DME_AATAATAATAAT 	9.21050185547e-07
DME_TAATAACAAT 	9.02281014532e-07
DME_GAACTATTTATAAT 	8.86606568445e-07
DME_AKTAATAACTTAACAR 	8.63516526214e-07
DME_TGAACTCTTCATAAGA 	8.59483506944e-07
DME_VHAATAATAATAAT 	8.59483506944e-07
DME_AAAMVGGA 	8.36259297933e-07
DME_AGATGAAA 	8.26915083017e-07
DME_ACTTAACARTGAGCAA 	8.10913614834e-07
DME_TTGAGAAA 	7.97118803993e-07
DME_AACTTTTGAAGCAA 	7.93507851425e-07
DME_ATAGAAATTT 	7.91760637656e-07
DME_YAATARCAATRM 	7.85175256748e-07
DME_ATGAAATAAA 	7.74382598046e-07
DME_TCMHWTCMRTHN 	7.60653261885e-07
DME_AKRATRATRATARWRK 	7.50592185146e-07
DME_CTACTACTAATA 	7.45790974155e-07
DME_AATRATARTG 	7.41197468111e-07
DME_TTKAAAAADG 	7.27575972581e-07
DME_TAACAATAGTACTA 	5.87645715142e-07
DME_WKTVRCAAATTT 	5.53754991555e-07
DME_CTTCAAAAGCGGAAWT 	5.35297795311e-07
DME_TCAAAAGTTAATRA 	5.2237419487e-07
DME_AAWAGCGGAAWTCCTG 	5.14266437497e-07
DME_AACAATRRTA 	4.46348166426e-07
DME_GAAATMTTRA 	4.41661081921e-07
DME_AAYAACAATAACAA 	4.354764082e-07
DME_AGCAATTK 	4.27976416555e-07
DME_AAWCAATAGATTTA 	4.08922801003e-07
DME_CCGAACTAATTATAAT 	4.08087302182e-07
DME_TGACAATA 	3.93145154755e-07
DME_ATCAAATTAAARAG 	3.6457345688e-07
DME_KRAAGAMHAA 	3.49688510616e-07
DME_TTCAAAAG 	3.48966780777e-07
DME_ARAAGGMDGR 	3.30351058981e-07
DME_AVAACAAC 	3.26307290047e-07
gimme_161_Weeder_2 	3.094140625e-07
DME_AGCAATAA 	3.0614975391e-07
DME_ATAATARTDAMAATAR 	2.84209364289e-07
DME_AGCTAAAA 	2.71727378682e-07
DME_ACAACAAYAACAAC 	2.70152501642e-07
DME_WTGARTGAAT 	2.65622704755e-07
DME_TTAAAAAATTTTTTAA 	2.32166308831e-07
DME_ATTTSTCWAA 	2.31024040902e-07
DME_AGAGTAAA 	2.2772865634e-07
DME_ATAAYAACAA 	1.83440046484e-07
DME_AGAACRACAAAAGT 	1.81893993145e-07
DME_AYAATGAYAA 	1.54541936921e-07
DME_ABBYGMAAGARA 	1.37517361111e-07
DME_TTARGAAAKA 	1.3240446146e-07
DME_AAYTTAATTAAT 	1.27142530613e-07
DME_ATCTTAAAATGCAG 	1.22798708803e-07
DME_SATATTTCTCGACCAA 	1.11444777924e-07
DME_KRVAAAMGGD 	1.03783909094e-07
DME_THMRTHYAWCMA 	8.18018005742e-08
DME_TATCATCA 	5.9458910682e-08
DME_AAATATTGAT 	5.66711479586e-08
DME_GATAGAAT 	5.46776503872e-08
DME_SMRVAGMATTTT 	4.14567367275e-08
DME_AATGATGA 	3.76617134819e-08
DME_HTKCATTCAA 	3.52570151239e-08
DME_ACARTGAGCAAT 	2.11867127403e-08
DME_TTTCAAAC 	9.71195919561e-09
DME_TGCAATAA 	0.0
DME_TAATAMTAMYARBRDS 	0.0
DME_AMAAASGARA 	0.0
DME_TTARTTTAAAAA 	0.0
DME_AATAATAATAAWAY 	0.0
DME_TGCTTCAAAAGT 	0.0
DME_ABRAAYAAATAAAT 	0.0
DME_GAATAGAA 	0.0
gimme_28_Homer_12_1 	0.0
DME_ATVATAATAGYV 	0.0
DME_RGTAMTARWRAYAV 	0.0
DME_AAGTGATA 	0.0
DME_AWMWYAATAAWAWWGA 	0.0
DME_TAAAATAAAATT 	0.0
DME_TGAAAATC 	0.0
gimme_48_m1_c1_TTwTTATTATTATTATTATTATTATTATTAkTAwTATT 	0.0
DME_GAAAKWTAAATT 	0.0
DME_GAAGAACAAAGTTR 	0.0
DME_ATWWGAATGA 	0.0
DME_ATAATARTRDCAWT 	0.0
DME_TCAAAAGTTAATRAAT 	0.0
DME_AATAVTAATADTAA 	0.0
DME_AAAAASAARA 	0.0
DME_VSTTMAAAWG 	0.0
DME_TTCAAAAGTTAATRAA 	0.0
DME_GWAMTAATDAYAAT 	0.0
gimme_37_Homer_12_2 	0.0
DME_AGTGAAAT 	0.0
DME_ATTATCAC 	0.0
DME_TAATARTRAMAMTA 	0.0
DME_AAAAAGGA 	0.0
DME_GRGAAATWWK 	0.0
DME_TTAATAAATG 	0.0
DME_TTAAMMRBSARM 	0.0
DME_AGTTGAATGGAAAAAG 	0.0
DME_AAWAYRTTTWCTBA 	0.0
DME_AATAACTTAA 	0.0
DME_RKDKAAAAAGRR 	0.0
DME_CTACTAATAATAAT 	0.0
gimme_1_BioProspector_w10_1 	0.0
DME_AAAGTATWAAAGAC 	0.0
DME_AGGAAGAACAAAGT 	0.0
DME_AAAARTKAATDAAT 	0.0
DME_ACTAATAATA 	0.0
DME_ATTAAACATT 	0.0
DME_AATAAMWTTTGA 	0.0
DME_GACAAATT 	0.0
DME_CAAAKAAAAA 	0.0
DME_ATCATTGA 	0.0
DME_AAATRYDCAA 	0.0
DME_AWTGAATGAW 	0.0
DME_TCATCTAA 	0.0
DME_ARTRATWATRATVATW 	0.0
DME_GTAATAATAAYAMTAM 	0.0
DME_ATAGTAATAGTAATAA 	0.0
DME_TGAATGAA 	0.0
DME_HYACYAMTRYTA 	0.0
DME_WDWTCAARCK 	0.0
DME_TTAAAAATTAAA 	0.0
DME_AACTTCAA 	0.0
DME_TCAGWRRRWRAA 	0.0
DME_WACTWATAATAATAAT 	0.0
DME_AARAAARCAA 	0.0
DME_AAMRAAAARARA 	0.0
gimme_121_MEME_2_w8 	0.0
DME_SAAKMTWTMM 	0.0
gimme_5_BioProspector_w10_5 	0.0
DME_MTTCAAAARTTD 	0.0
DME_WKKRTWRAAGAC 	0.0
gimme_166_Weeder_7 	0.0
DME_TTTGAAATAA 	0.0
DME_HTTTDAAGYAAA 	0.0
DME_AVGGAAAA 	0.0
DME_AAATTGAAAT 	0.0
DME_AAHAGSAAAA 	0.0
DME_GAAKAAGM 	0.0
DME_GAGTAAAA 	0.0
DME_CTGAAATCTTAAAATG 	0.0
DME_ATTTTTAYAAAA 	0.0
DME_TTTAAACTAA 	0.0
DME_AATCAAATAT 	0.0
DME_GAAAAAAG 	0.0
DME_GAGTTGAATGGAAAAA 	0.0
DME_AWTRATRRYAATGA 	0.0
DME_RAMAAAGG 	0.0
DME_TAAAGCAA 	0.0
DME_AWAATAGWGA 	0.0
DME_YRAATKGAAAARGG 	0.0
DME_AAAATTAAAATT 	0.0
DME_AYAWYRATAGTA 	0.0
DME_AWRARDGAATSA 	0.0
DME_TGTCAAAA 	0.0
DME_GATAACAA 	0.0
DME_TATTGAAATA 	0.0
DME_KRACTKAASART 	0.0
DME_KTAATAACTTAACA 	0.0
DME_CTACTACTACTAATAA 	0.0
DME_ATATTGAAATAATAAA 	0.0
DME_TTTTAAGAAA 	0.0
DME_TTAAASTAAAATGT 	0.0
DECOD_Motif10_8 	0.0
DME_TACTACTACTAATAAT 	0.0
DME_GAAGCAAWTARATG 	0.0
DME_AAATAAAAAATA 	0.0
DME_TTHRAATGYARK 	0.0
DME_TCAAATTAAA 	0.0
DME_GRWRATKAAAAD 	0.0
DME_TTCCTAAA 	0.0
DME_ATATTCAAAT 	0.0
DME_GTACTACTAATAAT 	0.0
DME_TGAATAATTA 	0.0
DME_AAGTATAAAA 	0.0
DME_AAATWCKGRA 	0.0
DME_ATGAAAATAT 	0.0
DME_TCAAAATG 	0.0
DME_DWRGHAMTAAYDATAA 	0.0
DME_TAGAGAAA 	0.0
DME_RTWGAMAAAG 	0.0
DME_DAAAATTTKAMT 	0.0
DME_ACAACAAYAACAACMA 	0.0
DME_AAWRAATRAATK 	0.0
DME_DACTKAWCMATK 	0.0
DME_GAGAWSAA 	0.0
DME_TMMAATTAAAAA 	0.0
DME_GKMAAARTAWWA 	0.0
DME_AWTAAYTTAAMA 	0.0
DME_TACAAAAATT 	0.0
DME_ATAATAATAATAGTGA 	0.0
DME_ATGAAAAAAT 	0.0
DME_AGAAAATG 	0.0
DME_TAAATTCAAA 	0.0
DME_RHTAATRATRATARTR 	0.0
DME_DGAAASAAAA 	0.0
DME_TTCAAACA 	0.0
DME_TCCATTCAACTYKA 	0.0
DME_TTATACTTCAAAAG 	0.0
DME_AAGATTGA 	0.0
DME_TCAATCAT 	0.0
DME_AAARCWAAMKWA 	0.0
gimme_8_BioProspector_w12_1 	0.0
gimme_158_MEME_9_w14 	0.0
DME_AACTTTTGAAGCAAWT 	0.0
DME_TATWYTSAAATWAT 	0.0
DME_TCATTCAA 	0.0
DME_TGTCAAAGTATAAA 	0.0
DME_TCMAAYCA 	0.0
DME_CTTCAAAAGTTAATRA 	0.0
DME_TCSARAWWTWYS 	0.0
DME_TTTTAAACTAAAMT 	0.0
DME_ATCATTCA 	0.0
DME_TATAAATTATAA 	0.0
DME_TCYWTYSWWYTY 	0.0
DME_TTTACAAAAA 	0.0
DME_TAATAAYARTAWMA 	0.0
DME_GTCAAAGTATAAAAGA 	0.0
DME_ATGAAGAA 	0.0
DME_TRTCAMARTWKA 	0.0
gimme_104_Improbizer_AATGAAATGA 	0.0
DME_MCWTYCAWCWYN 	0.0
DME_ASAWCRACWR 	0.0
DME_TAATRAYRATRRTD 	0.0
DME_TAATRATAAYAG 	0.0
DME_TAAKAMTAATAAYA 	0.0
DME_AAATAAATAAAT 	0.0
DME_ARTSAKYAMYTK 	0.0
DME_AATTTACAAA 	0.0
DME_AAAAGRAATW 	0.0
DME_GATTGAAA 	0.0
DME_GYWATAACYTAW 	0.0
DME_RACMGGHT 	0.0
DME_AAAAGACGCCAYTTTT 	0.0
DME_GTAATAATAA 	0.0
DME_AAAAAVKAAG 	0.0
DME_KACAATTSYYVW 	0.0
DME_CTGATAAA 	0.0
DME_AAGAAAAWHG 	0.0
gimme_29_Homer_12_2 	0.0
DME_CTTAWMARKG 	0.0
DECOD_Motif9_8 	0.0
DME_ATGAATGA 	0.0
DME_TAACAAAKAA 	0.0
DME_ATAAMAAAGA 	0.0
DME_CTTAACARTGAGCAAT 	0.0
DME_TGAAGAAT 	0.0
DME_CRATRRTAANAATA 	0.0
DME_AAGAACAAAGTTRGTA 	0.0
DME_AGAACAAAGTTRGT 	0.0
DME_RBARAAAVGRWRAN 	0.0
DECOD_Motif5_8 	0.0
DME_AARAHYAAAKTT 	0.0
DME_GAAAAAGGAAGAACAA 	0.0
DME_CTACTACTAATAAT 	0.0
DME_ATGAGAAA 	0.0
DME_TKAAGAAAATAGAR 	0.0
DME_SAASAAAG 	0.0
DME_TAATGATAAT 	0.0
DME_GAAAKAARAV 	0.0
DME_ACATTTTAGTTTAAAA 	0.0
DME_YARYRATAWTDATRAT 	0.0
gimme_26_BioProspector_w10_4 	0.0
DME_AAAGGAAGAACAAA 	0.0
DME_AAATAAAATTAT 	0.0
DME_AWAWCAATAG 	0.0
DME_AAAAAAGATT 	0.0
DME_TAATAAATGA 	0.0
DME_ATGGAAAAAGGAAG 	0.0
DME_GATGATAA 	0.0
DME_TGGAGATGAAAAAA 	0.0
DME_CTTCAAAAGTTAAT 	0.0
DME_TMMWACWACTWA 	0.0
DME_GTTCAAAA 	0.0
DME_DTTGTAAAAATA 	0.0
DME_AYAATWATAKTG 	0.0
DME_AAATTAAAATTT 	0.0
gimme_139_MEME_10_w10 	0.0
DME_TGATGRAY 	0.0
DME_TTTKAWAKMAAWAA 	0.0
DME_GCTTCAAAAGTTAATR 	0.0
DME_TTTTTAMAAAAA 	0.0
DME_AAAGTTATTA 	0.0
DME_ATARKAMYACKA 	0.0
DME_DTKRADAHGAARAA 	0.0
gimme_159_MEME_10_w14 	0.0
DME_CTAATAACAATAGT 	0.0
DME_CRTTTTBDYAMAAA 	0.0
DME_HRWAATMTTAAAAT 	0.0
DME_AATGAATGRATGAATG 	0.0
DME_MAABARYRAMAA 	0.0
DME_SAATAATAWC 	0.0
DME_TGAATGRATGAATGAA 	0.0
DME_TTGACAAA 	0.0
DME_AATGACAA 	0.0
DME_TTGAAATAAT 	0.0
DME_CGAACTAATTATAA 	0.0
DME_TRGAAAAAGGAAGAAC 	0.0
DME_CAAAAAATTT 	0.0
gimme_163_Weeder_4 	0.0
DME_TTGAAATAAA 	0.0
DME_ATGAYAWTAATA 	0.0
DME_AATAAYAATRRT 	0.0
DME_TAAAAAGG 	0.0
DME_VYMACAATAA 	0.0
DME_ATCAAATTAT 	0.0
DME_TCAAAGTATAAAAGAC 	0.0
DME_ATAACAATAGTACT 	0.0
DME_ATCAAATTAA 	0.0
DME_AMCAAKAAYA 	0.0
DME_AAVGAAGA 	0.0
DME_ACTGAAAT 	0.0
DME_WATTYTTAMMAAAA 	0.0
DME_CATCAAAA 	0.0
DME_AATGRTAATR 	0.0
DME_AGAACAAAGTTRGTAG 	0.0
DME_ATATCAAATT 	0.0
DME_ATGAAAATCAATAGAT 	0.0
DME_TGAAAAAG 	0.0
DME_TGAAAAAAAT 	0.0
DME_AAWMAACAAMAA 	0.0
DME_TGTCAAAGTATAAAAG 	0.0
DME_RAYAAYAATRATAR 	0.0
DME_CAAMARCA 	0.0
DME_TTCAAAAGTTAATR 	0.0
DME_TAATAACTTA 	0.0
DME_MTTWWTRAAMTAAA 	0.0
DME_CAATGATA 	0.0
DME_SAAWKAKATG 	0.0
DME_TTTAACAAAT 	0.0
DME_CAAADWRTWAAAKW 	0.0
gimme_27_BioProspector_w10_5 	0.0
DME_MAMTMBYACTAM 	0.0
DME_AATTATTCAA 	0.0
DME_CAAAAGTTAATRAATG 	0.0
DECOD_Motif7_10 	0.0
DECOD_Motif3_10 	0.0
DME_MTRAYRACAWTART 	0.0
DME_ATAATAATGA 	0.0
DME_AARAARKMARAA 	0.0
DME_TARTRACAWTAR 	0.0
DME_AKWACWAHTAATRA 	0.0
DME_AAACYAAAAT 	0.0
gimme_167_Weeder_8 	0.0
gimme_11_BioProspector_w12_4 	0.0
DME_DAATAARTAAATAA 	0.0
DME_RMAHRTTTWCTTAA 	0.0
DME_AAACRAMAAKAA 	0.0
DME_TCTTTTTAAACTAAAA 	0.0
DME_AATAAATTGA 	0.0
DME_TATTRAAATMAWAM 	0.0
DME_RAATARTAATRATA 	0.0
DME_AATAGTACTAATAATA 	0.0
DME_TACTAATAAT 	0.0
DME_KARYAATWGTAM 	0.0
DME_DTAATRATDATARTRA 	0.0
DME_AAATARAYGT 	0.0
DME_TMAYAATWATAWTG 	0.0
DECOD_Motif3_8 	0.0
DME_THKMAAATCT 	0.0
DME_AAAAGGAT 	0.0
gimme_105_Improbizer_AAACTACTAAA 	0.0
DME_TTAGTTTAAAAABA 	0.0
DME_AAAGKAADAA 	0.0
DME_AATAACTTAACARTGA 	0.0
DME_AAAWCAATAGMTTT 	0.0
DME_CTTATGAAGAGTTCAA 	0.0
DME_AATATTAAAATT 	0.0
DME_ACTTTTGAAGCAAW 	0.0
DME_AMWYTTCAAAAK 	0.0
DME_GAAAATCAATAGAT 	0.0
DME_AYWAATYCAAAA 	0.0
DME_ATAAATGAAA 	0.0
DME_TATHAMAKWYRC 	0.0
DME_AAKAATWATADYAHTK 	0.0
DME_RSRGAAAAAA 	0.0
DME_MAAGAAAAAT 	0.0
DME_AWRAATRRRTSAWT 	0.0
DME_AGCTAASTTAATTA 	0.0
DME_TAYYAMTWYTAY 	0.0
gimme_109_Improbizer_TTTTTCTTC 	0.0
DME_TGAATGAATGAATG 	0.0
DME_AMGTAAATCTATTG 	0.0
DME_GATAATGA 	0.0
DME_ACTTTGACAGTGAAAT 	0.0
DME_AMYASTAATAAY 	0.0
DME_GAAKWAYMAARW 	0.0
DME_TATCAAATTA 	0.0
DME_AATASTASTACT 	0.0
gimme_18_BioProspector_w14_1 	0.0
DME_AGAVRMMYTT 	0.0
gimme_147_MEME_8_w12 	0.0
DME_GGAAATAT 	0.0
DME_AATAATARTAWC 	0.0
DME_AAAGTATWAAAGACGC 	0.0
DME_AGTARTAAST 	0.0
DME_AAACAAAAAK 	0.0
DME_RAYAAAAARG 	0.0
DME_TGAAATCTTAAAATGC 	0.0
DME_TAACAATG 	0.0
DME_ATAAATAAATAA 	0.0
DME_MAAAARAMRARA 	0.0
DME_AAAGGATT 	0.0
DME_GDATRAAWRAAT 	0.0
DME_VNHARTAATAATAATA 	0.0
DME_ATAATAAYARTAAMAA 	0.0
DME_AGATTGAA 	0.0
DME_AATGATAATA 	0.0
DME_WAASAATGAB 	0.0
DME_AAAAGTAATA 	0.0
DME_MYTACYAMTAYH 	0.0
DME_AATAATAATAGN 	0.0
DME_GAAATATAAA 	0.0
DME_TAMTAAWAAYARWWYT 	0.0
DME_GAAMTARKAA 	0.0
DME_TRAAVHGYTCRW 	0.0
DECOD_Motif4_8 	0.0
DME_AAAMGAAAAT 	0.0
DME_TAATAATGAT 	0.0
DME_AAWRATGTAG 	0.0
DME_VSYAATAAYDATAA 	0.0
gimme_10_BioProspector_w12_3 	0.0
DME_AAAATGATAA 	0.0
DME_ACTGATAA 	0.0
DME_KCAAAWAATTAA 	0.0
DME_YAAKVRAWCT 	0.0
DME_CTTTTSAWBYAW 	0.0
DME_TGAAGCAAWTARATGT 	0.0
DME_AATAATAATG 	0.0
DME_ASAAAAATKTTT 	0.0
DME_GATAAAAG 	0.0
DME_AAATTAAKTAATKT 	0.0
DME_AAATATTAAAAT 	0.0
DME_CMAATAATRT 	0.0
DME_AATAGYAATRATRATA 	0.0
DME_GAAATRWAAA 	0.0
DME_WACYAATAATAA 	0.0
DME_AAAATTTGAA 	0.0
DME_TTTTGAAGCAAWTA 	0.0
DME_TCGACCAAAYTTCAAA 	0.0
DME_TGTAAAAATA 	0.0
DME_MRAGTTGAATGGAA 	0.0
DME_AAATGAAAAT 	0.0
gimme_160_Weeder_1 	0.0
DME_AGTAAKAWVTTA 	0.0
gimme_3_BioProspector_w10_3 	0.0
DME_SAAAAATTMATT 	0.0
DME_TTWTAAACTAAR 	0.0
DME_ATAATAACTT 	0.0
DME_RAADGAWTGA 	0.0
DME_TGATDATASY 	0.0
DECOD_Motif8_10 	0.0
DME_AATTAAGAAA 	0.0
DME_GAWAATRAAA 	0.0
gimme_36_Homer_12_1 	0.0
gimme_130_MEME_1_w10 	0.0
DME_AAATGAATAT 	0.0
DME_TAACTTTTGAAGCAAW 	0.0
DME_AAAWCAATAGATTTAC 	0.0
DME_TGATCAAA 	0.0
DME_AAGGAAGAACAAAG 	0.0
DME_ATTAAKTAATTAAW 	0.0
DME_AACRACAAAAGTGC 	0.0
DME_AAAGAAATTT 	0.0
DME_AAATMTTAAAATGC 	0.0
DME_AAAWGAAAATTW 	0.0
DME_ATAATAATAG 	0.0
DME_TMAGTADGAA 	0.0
DME_RARWRBAAAAAG 	0.0
gimme_140_MEME_1_w12 	0.0
DME_GAACRACAAAAGTG 	0.0
gimme_154_MEME_5_w14 	0.0
DME_TAATAACTTAACARTG 	0.0
DME_GAAATAAG 	0.0
DME_TAACARTGAGCAAT 	0.0
gimme_162_Weeder_3 	0.0
gimme_41_Homer_12_2 	0.0
DME_DKAAVARMAARG 	0.0
gimme_133_MEME_4_w10 	0.0
DME_MAATWGTAYT 	0.0
DME_GAATGRATGAATGA 	0.0
DME_GATAAATG 	0.0
DME_CAATGMTDAA 	0.0
gimme_33_Homer_12_2 	0.0
DME_ATTAACTTTTGAAGCA 	0.0
DME_CAAWRRDCAARA 	0.0
DME_AAATTTGYYA 	0.0
DME_ACRATMSTAM 	0.0
DME_AAAAARTRGCGTCTTT 	0.0
DME_TMRAGTTGAATGGAAA 	0.0
DME_RAAAKWTTTGAM 	0.0
DME_TATAAAATTTAA 	0.0
DME_AATAACAATAGTAM 	0.0
gimme_4_BioProspector_w10_4 	0.0
DME_TTAACTTTTGAAGCAA 	0.0
DME_ATTTAAMAAATT 	0.0
DME_MRABAAHAATRAYAAT 	0.0
DME_TTTAAYAAATAA 	0.0
DME_AGGAATTA 	0.0
DME_CTTTTTAAACTAAAAT 	0.0
gimme_7_AMD_Motif2 	0.0
DME_AWTAAACATTAM 	0.0
DME_WAYKTCAMWWGY 	0.0
DME_BAAAAAVKAARA 	0.0
DME_AATAACAATAGTACTA 	0.0
DME_MAASWACWAC 	0.0
DME_AAAATTAATTTA 	0.0
DME_AATAAAGC 	0.0
DME_AAAGAAAATT 	0.0
DME_AATAATAGTA 	0.0
DME_TGAADAGRAT 	0.0
DME_AGARAAAAAA 	0.0
DME_AGGAAGAACAAAGTTR 	0.0
DME_AGAACRACAAAAGTGC 	0.0
DME_ATSRAAATAA 	0.0
DME_RCAAWWGWAMTA 	0.0
DME_RTAATRATAAYASY 	0.0
DME_GAASAAWAAA 	0.0
DME_WWAGTAATAAYWAT 	0.0
DME_TTKAAWKAATAAAY 	0.0
DME_GAAAAGTT 	0.0
DME_NHAATRATAATRATAR 	0.0
DME_GCTTCAAAAGTTAA 	0.0
DME_TACTACTACTACTAAT 	0.0
gimme_168_Weeder_9 	0.0
DME_WTATTRAAATAAWA 	0.0
DME_TGAAAAGA 	0.0
DME_RRWYRRATGRAA 	0.0
gimme_9_BioProspector_w12_2 	0.0
DME_AAMATTTCAR 	0.0
DME_TAMTAATAAYABTA 	0.0
DME_TTAACARTGAGCAATT 	0.0
DME_TTGAAGCAAWTARATG 	0.0
gimme_20_BioProspector_w14_3 	0.0
gimme_141_MEME_2_w12 	0.0
DME_WCTSAAATAA 	0.0
gimme_142_MEME_3_w12 	0.0
DME_GAAAAGAA 	0.0
DME_AAAGGAAGAACAAAGT 	0.0
DME_AMTARYRACAWTMR 	0.0
DME_GRARATGA 	0.0
DME_AAAAGGAAGAACAAAG 	0.0
DME_TAATTTCTACCAGAAA 	0.0
DME_AATAATAAYARTAWMA 	0.0
DME_TAAACATTAA 	0.0
DME_DTYARAMMRKTT 	0.0
DME_AAWKTYWAMCAK 	0.0
DME_TSCDTCMAAA 	0.0
DME_TTTGAWGBAWWT 	0.0
DME_AAGGAAGAACAAAGTT 	0.0
DME_CAATCATT 	0.0
DME_ATWTTKAAGAAA 	0.0
DME_GCAAAATT 	0.0
DME_SRARAWGAAA 	0.0
gimme_13_BioProspector_w14_1 	0.0
DME_KAAAAARRAA 	0.0
DME_AATAAATAAATT 	0.0
DME_TGAAATAAAA 	0.0
DME_RRAASGAAVA 	0.0
DME_TGGAGATGAAAAAATG 	0.0
DME_ACAAMAATWA 	0.0
DME_TTCAAACT 	0.0
gimme_107_Improbizer_AAAAGAAAT 	0.0
DME_TAATAATAGT 	0.0
DME_TRGYAATAAYDATA 	0.0
DME_AATRGYAAKRWTAA 	0.0
DME_AATAAATAAATA 	0.0
DME_AAAAWCAATAGATTTA 	0.0
DME_CAAAYTAAAA 	0.0
gimme_21_BioProspector_w14_4 	0.0
DME_GAAAATCAATAGATTT 	0.0
DME_GAAATCTTAAAATGCA 	0.0
DME_ATTATTTAAAAA 	0.0
DME_CMATYYAWCW 	0.0
DME_CAATASTACTACTACT 	0.0
DME_TTCAAAAATT 	0.0
DME_KAAYHDYAACTT 	0.0
DME_AAGRAASAAM 	0.0
DME_YCATCARA 	0.0
DME_TACTACTACTAATA 	0.0
DME_AAYWAATAAATTTT 	0.0
gimme_15_BioProspector_w14_3 	0.0
DME_TTTAMRAAAATK 	0.0
DME_RCAAAAATWATT 	0.0
DME_AAATRAAATTAWTT 	0.0
DME_ATTTAACAAA 	0.0
gimme_150_MEME_1_w14 	0.0
DME_AATWSTACTA 	0.0
DME_ARYAATGAYA 	0.0
DME_HAVTAATAATAATA 	0.0
DME_TTTATACTTCAAAAGC 	0.0
DME_TGATAGAA 	0.0
DME_ATTKRADASMRAAA 	0.0
DME_AATMTTAAAATGCA 	0.0
DME_AAYAACAATA 	0.0
DME_AATCTTAAAATGCAGT 	0.0
DME_AAATGAAATT 	0.0
DME_CAWKMAWYTBKA 	0.0
DME_AATAAWTAAATAAW 	0.0
DME_AARSKAACTH 	0.0
DME_ACTACTACTAATAATA 	0.0
DME_TAATAACAATAGTACT 	0.0
DME_ATCTTAAAATGCAGTY 	0.0
DME_AAAAAGGAAGAACAAA 	0.0
DME_AVTADTRAYARYRGYA 	0.0
DME_AMAWAAGAAA 	0.0
DME_ACTAATAACAATAG 	0.0
DME_GAAAATCAATAG 	0.0
DME_AYYAYTAYYAAT 	0.0
DME_RMAAATTTGA 	0.0
DME_AYARCRAWAHYAAT 	0.0
DME_ACTACTACTACTAATA 	0.0
DME_AAGAACAAAGTTRG 	0.0
gimme_45_Homer_12_2 	0.0
DME_CTYAAATRAT 	0.0
DME_TGAATAGA 	0.0
DME_GTACTAATAATAATAA 	0.0
DME_TCAAATAAKR 	0.0
gimme_128_MEME_9_w8 	0.0
DME_TWTTTAAGRAAA 	0.0
DME_MAWTAATTAATTAA 	0.0
DME_WTCAGWGA 	0.0
DME_AAAATGAAAT 	0.0
DME_TTTTTAAAAAAA 	0.0
DME_NAKTTCAARC 	0.0
DME_AATGGAAAAAGGAAGA 	0.0
DME_YCAAAWAATKTA 	0.0
DME_ATCTGAAT 	0.0
DME_TAGWACTWAWAA 	0.0
DME_RTTGGAGATGAAAAAA 	0.0
DME_AAGTATWAAAGACG 	0.0
DME_AATAAYAACA 	0.0
DME_GAAAAAAATR 	0.0
DME_GCTAACTTAATTAA 	0.0
DME_RATWAATTKTKA 	0.0
DME_GAATGAAA 	0.0
DME_GWTCAAATTW 	0.0
DME_TTCTCAAA 	0.0
DME_AKTAATAACTTAAC 	0.0
DME_TTAACARTGARCAA 	0.0
DME_GWWYGRAAAA 	0.0
DME_RAGWTGAATGGAAA 	0.0
DME_ATMTTAAAATGC 	0.0
gimme_138_MEME_9_w10 	0.0
DME_ACTACTAATAATAA 	0.0
DME_CTTTTGAAGCAAWT 	0.0
gimme_165_Weeder_6 	0.0
DME_AAATAAAACT 	0.0
gimme_19_BioProspector_w14_2 	0.0
DME_TAATNATAATGA 	0.0
DME_AAGAWWGAAA 	0.0
DME_ATTTCTACCAGAAA 	0.0
DME_WGAWWGAAWKAA 	0.0
DME_AAYRATAATRRKSR 	0.0
DME_AAAAAGAARA 	0.0
DME_TAATAAATAAAT 	0.0
DME_TTCAAAARTYRM 	0.0
DME_CAAYAGATTTAY 	0.0
gimme_22_BioProspector_w14_5 	0.0
gimme_2_BioProspector_w10_2 	0.0
DME_AWTARTRMTAMTAA 	0.0
DME_TAAATAAATAAA 	0.0
DME_ACCGAACTAATTATAA 	0.0
DME_ACTTCAAAAGCGGAAW 	0.0
DME_ARAGAAWVAAAM 	0.0
DME_TAACTTAACARTGA 	0.0
DME_TGAATGGAAAAAGGAA 	0.0
DME_TAGAACRACAAAAG 	0.0
DME_TTATTTCAAHAA 	0.0
DME_GATGAAAA 	0.0
DME_CKACTRATRM 	0.0
DME_TAATTTAACA 	0.0
DME_GTTGAATGRAAAWW 	0.0
DME_CAACAAYAACAACM 	0.0
DME_ATGGAAAAAGGAAGAA 	0.0
DME_WAMARTGAKM 	0.0
DME_AAAGGAAT 	0.0
DME_CAAAATTC 	0.0
DME_GACRAYAA 	0.0
DME_ATGAAAATCAATAG 	0.0
DME_TAATAACTTAACAR 	0.0
DME_AABTTMAAYTTA 	0.0
DME_WATAAWARTRAHAMTA 	0.0
DME_RAMAABRAMVAMMA 	0.0
gimme_131_MEME_2_w10 	0.0
DME_AAYCAKTC 	0.0
DME_TRATAAYRAYRATAVW 	0.0
DME_ACTTCAAA 	0.0
DME_ATAAYTTAAYAR 	0.0
DME_TCTCAAAT 	0.0
DME_TTGTAAAAAT 	0.0
DME_YRAAAAAGAA 	0.0
DME_AAVARAAAAG 	0.0
DME_AAAAVGAARAWH 	0.0
DME_TAGAACRACAAAAGTG 	0.0
DME_AATGATAAAA 	0.0
DME_AAYTTTKKTRAAAA 	0.0
DME_ACARTGAGCAATTGTA 	0.0
DME_AATAATAATAATAGTG 	0.0
DECOD_Motif1_10 	0.0
DME_GAAGAACAAAGTTRGT 	0.0
DME_AAGAAGCA 	0.0
DME_CTACTAATAATAATAA 	0.0
DME_AGTGATAA 	0.0
DME_AMTAATAACAWT 	0.0
DME_TGATAATAAT 	0.0
DME_TKGRARAYKMAW 	0.0
DME_AAASYGGH 	0.0
DME_AATAACTTAACART 	0.0
DME_ATAATAATAATA 	0.0
DME_AGWBVAATGRAMAN 	0.0
DME_TTATCACA 	0.0
DME_TACTACTAATAATA 	0.0
DME_AACTTCAACTTACA 	0.0
DME_WAAAAATATTTTYA 	0.0
DME_MTGAAKHKDTCV 	0.0
DME_TCTTAAAAAT 	0.0
DME_SYKATWACAA 	0.0
DME_YAGCAAMA 	0.0
DME_CARAARGA 	0.0
gimme_17_BioProspector_w14_5 	0.0
DECOD_Motif9_10 	0.0
DME_CAATAATAAT 	0.0
DME_ARHVTTTTCKTAAA 	0.0
DME_ATGAAAAARTGGCG 	0.0
DME_YMMTGATARA 	0.0
DME_AATWTCTCGAGTTGAA 	0.0
DME_CAATTTATYR 	0.0
DME_TGAAGACCTAAAAACA 	0.0
DME_AATGAMTKAT 	0.0
DME_WAATRATARTADYAAT 	0.0
DME_RAAAGAAAMVAR 	0.0
DME_VKWAAAAVGAAR 	0.0
DME_AAAAWGCAHA 	0.0
DME_MGYAWAHCTT 	0.0
DME_GWKAAAAAAA 	0.0
DME_AARTTTGGTCGAGAAA 	0.0
DME_TCAAAYRAAA 	0.0
gimme_102_Improbizer_TTTTTCCATTCATTTCAATAT 	0.0
DME_KTYSWGAAAKAH 	0.0
DME_GAATGAAT 	0.0
DME_AAAAMKGG 	0.0
DME_RWTRAATKRARA 	0.0
DME_AATGAATG 	0.0
gimme_23_BioProspector_w10_1 	0.0
DME_WACAACAAYAACAACM 	0.0
DME_ATATTTCTCGACCAAA 	0.0
DME_AAAAAAATTTTT 	0.0
DME_ATATTGAAAT 	0.0
DME_TAATAAAAATAT 	0.0
DME_MATTAAACATTAAA 	0.0
DME_AAAATTAATTAA 	0.0
DME_RAAATRAARAAT 	0.0
DME_ATTTCTCGACCAAAYT 	0.0
DME_ACTAATAACAATAGTA 	0.0
DME_CTAATAATAA 	0.0
DME_ACTACTAATAATAATA 	0.0
DME_TKAATRGWAA 	0.0
DME_CAAAAATG 	0.0
DME_AAYAAYRAYAMBRRYA 	0.0
DME_WAACAAAAAR 	0.0
DME_ATAATRRTRATAAT 	0.0
gimme_151_MEME_2_w14 	0.0
DME_AGAATTAATT 	0.0
DME_ARGGMRDRAMAM 	0.0
DME_AKTAATAATAAT 	0.0
DME_GAAATCTTAAAATG 	0.0
DME_ASAAAAGVAA 	0.0
gimme_25_BioProspector_w10_3 	0.0
DME_TAGAATTAAT 	0.0
DME_ATTCAATC 	0.0
gimme_24_BioProspector_w10_2 	0.0
DME_TTWAAAYTMAAMTK 	0.0
DME_AGTACTAATAATAATA 	0.0
DME_WSRARAWKAAAA 	0.0
DME_AMAATKGC 	0.0
DME_TAYYAMTWYTAYYH 	0.0
DME_AARAAAKAAAAY 	0.0
gimme_6_AMD_Motif1 	0.0
DME_CAAKRATARTAA 	0.0
DME_AAWTRAAAAG 	0.0
DME_AATTTGTYAM 	0.0
DME_SADDGAGMAWTT 	0.0
DME_GAATGRATGAATGAAT 	0.0
DME_TTTGAAGTATAAAA 	0.0
DME_TAACAAATTT 	0.0
DME_WAAYAAAAAAKA 	0.0
DME_RRWWGARATTAA 	0.0
DME_CAAATCTT 	0.0
DME_GAAGAAAA 	0.0
DME_CAAMAATWAT 	0.0
DME_AATATTTGAA 	0.0
DME_MYACTAWYAATA 	0.0
DME_TAATAACAATAACAAT 	0.0
DME_CAATTTCA 	0.0
DME_AATAGTACTACTACTA 	0.0
DME_MTKMRRADGCAR 	0.0
DME_AGGAAATA 	0.0
DME_GCAAATCTTATGAAGA 	0.0
DME_TTGAATGGAAAAAGGA 	0.0
DME_GAAATTTAAA 	0.0
DME_ATAATAWTAATARTWY 	0.0
DME_MSCAAATYTKWB 	0.0
DME_CTGGTAGAAATTAA 	0.0
DME_ARGAARMRVAAW 	0.0
DME_TTTGGGAATAGCAAAA 	0.0
gimme_40_Homer_12_1 	0.0
DME_ATAGWAYTWAWWAT 	0.0
